seq,label
TTTTTATTTTGTCAACCACCATTATATATACATATATTTAT,1
CTTGTGAACCAAGAAATTTCATCTGCAGATCATTTTCATCA,1
CCGAGTGCGAGAAAGAGAGAATTTACCGGGTAAGATGTATC,1
ACATGTATAAAGGATCGAGTATCGAGCGGAAAAAAACCAAG,1
ATATATAACTATAAATATTTATATAACAACTTTTAAGTTTA,1
AAAATGAGCAATTCGTTTCAACCGATTGGAAAAAAATATAC,1
CCTCTGCATAGTTGTTCAGAACCGAGAAAAATTCACATCAA,1
AAGACACTCCATAACAATTGACCGAGCTGGTAACCACGATT,1
AAAATCGCACACTCAAAACAAATTACTGCACAAATTCATAG,1
ACCATTTCTCGAGAATTTCGAAAAAAAATCCAAAATTGAAC,1
CATTGATTTCAAGTTCTGCAACCAAACAATCACATCTCAGC,1
CAAAATTCCAAAACAATTATATACGACAATGTTTTCTTTGT,1
AATCCGCGTGGAGTAGGATAAGGCAACGTGCACCTCCCACT,1
GATGATGAAGAAGAAGGAGGAGACGATAATGGCGATGAAGG,1
AAAAAATAAAAGATGGTCGAAGAGGTCAGACAAATTAAATC,1
TTATTTGGTGGAGATGGACGAGAAAAATTTCGAATTGAGAG,1
CATTGAAAGAGGAAAAAAATAATCCTCAAAAGTAATTGGTT,1
AAAACATCGACTGAAAAAAAAGGTACCTCTTTTTGTATTAA,1
ACTATGAGCAAAAATGTGCAACCGAGTACAACTGTACAACT,1
TGAATTTACTTACCATTGCAATATGCAAAAATGAAAATATA,1
TTAATTAAAACATACATATAAATATATATATATATATGCAT,1
AATATGCTTTCTACAACCATATACCGAAGGGGTCCTCAAAC,1
AATCTTTAAGTGAAAAAAAAACCGTAACAAAAATTCTTAAA,1
GAAACACTTCTCAATGAATGAATGAAAATTACCTGGCTTGG,1
GAATCTTAGAAGAGATGACCAGGCAACGGAATGGGAGGATA,1
ATTTTTTTAGAGCTTTAGGCAAGGAACGACGATCTTGGCCA,1
GAACATGTTACAAGAAATACAGTACCCGTGGTTTGGAGACA,1
GAGACCAGAGTTCGAAGCGCAAGTGACGGCTTTATAATCTC,1
TTCTTTGCACCCAAAGATATACCGGACAATGTGGCGTAAGA,1
ATAAGTAAATGGCTTATGCCACCGAATAAGAAATAGAAAAA,1
ACGTTTCTGCAGTTGTTTGAACTTGACGACGAGTACATCCA,1
TTAAAGCTTAAGCTCAGACAAAGTGTCGCATCTACGCCAAT,1
ATCCATCCAAGAAGAATTTGAGAGATCAGAAAAAGTACAAA,1
GTCTAGTCGACGTCAAATCGATATTATGTTTCCAAATATTG,1
GTGGTCGAGGACAGTCTTCAAGTGATCGTCGTGGTGGCTAC,1
TAGGGTTTACTGTTTAGGTAAGCGAGCGAAATTAACCGAAA,1
TTGGCTCGCAAGGTTCGAGAAGTCCGCGATCTTCCTACCCC,1
CTCAGCCAATCAACTGAGAGACCGCTCTGCATGGTTCTTTG,1
TCTTTAACCAGTTTCAGTTGACTGAGCGATTCTTTGATCTT,1
ATTTTACTCAAGTTGGGGCAATTGGTCGATGTCATTCATAT,1
CAATGCTTACTTGTGTCACAACCGACTTCTTCATATTTCCC,1
TACTATGTTTTGATTTTACAACCGAGAGATTTGGACCGCGT,1
AATCAATCAATAAAAAACAGAGGGTATATTTTACTTCTTTA,1
ACCATATGATTTGGTAAAAGAGATATTTTCTTGGGTTCCAT,1
CTGTAGATTGATGATGCTCAAGGTATTAGGTTTGGATCTTG,1
ACACAAGAAGCAGCAAAACCACCTAACTCAAATTGTTGTCT,1
AGAATCCAGTCTTGGATCAGATTGCTCGGCTTTTTGCACAG,1
TACAAAACAATTCCTACCGTACCCAATGGATTGGATTACCA,1
TTCCTTATGAGATAAAAACTAATGGAAATACACTTTTTATC,1
GAAACAAGGCGGCTTAAATCATATATCGAGGCAGGATGTAT,1
TTAGGAGTTGAAGAGAAACAAGTGTTCGATCTCGCTGCAAA,1
CATATGTCAGACTACCAACGAATGATCGACAATCTTCAAGT,1
TAATCAAACTCCAAACGACGATGTATCTTCGAAGCTACAAC,1
CATCATTTTCATCTTTTGCCAGTTACCACAGTTCACTGATC,1
CTTCTTTGCAGTTGAAAATGAAAGGATGCACCAAAAGTAGA,1
AAAGAGGATGAAGCAGGCGAAGGGGACGAAGAAATGCGGTT,1
AAGTTAATACCTTTATCCGCATCGATCAATTTATCAGCAGT,1
GACGCGCTGTTACGAAAACGACAGCGTTTTAAGTCCATTTA,1
CACATCTGTGTAATTTTTCAAAATAGCATGTAACATTAAAA,1
AAAAAGAGAAAGAGAAAAAGAGGAAAAATTCTGTTAGGAAA,1
GCAGACAGACCAAAGAATCGACAGCGCGTAGTTAGTGCAAT,1
GCTGAAACATCGGCATTTCGATAGAATCTATAGAAACAAAA,1
AAATTCTCCCAATAATAAAGAATTAGTAATTTTAAACACAT,1
AGATTTAATTGGGTTCGAATATATTCGGGTAAATACTTGAA,1
AGACGTCGACATTTCAAAAGAGGTAGGTATGATTTCTGATT,1
ATTCTCGGTGTTACCAATCGAGCCCATGACATCGGTAAACA,1
TTTGGGATGGAAATTGATTGAGCCATTGGATAAGGAGAAAG,1
GCAAAAGCAGAGAAAAAACGAAGTACCTGAAGGATCAGAGC,1
AACTTCTGAACCAGTCGGAGAGTGTAGTAGGTTGCTTGTGA,1
GAACACAAAAAAAGAAAGCAACCCAATTTTGTTCTCTTTCT,1
CATCTGTTCACAGAGAATTGAAGTCGAGACATTAGAAGTGT,1
TTGCTAAAATGCCTGCAAAAATGTATATATAGGTCAACAAA,1
CACGGTAAGACATAGAAACAAAGTAGAGAGATTTCACGGCG,1
TATTTTAACTGCTGCTGTGGAAGCGGCGAAGAAAGCCTCGG,1
AACGCAATGGAAACTCGCGGATCGAGCAGAATCCATCACGC,1
TGGAGCTCTTCTGCAACACGAGGGCCTTCCAAAATCGATAG,1
TGTTTCGTTGAACTTCTGGTACCTAAAGTTCATTTGCTTAA,1
AAGGGCTATTAATCCAAAAAAGGCCACAACAAAAAGTTACT,1
GAAAATATTACTTTACTATTATCATTCATATATATATAACA,1
AGAGAAAGAAATTGTAGAAGACATGGCGATAAGCACACTCC,1
TCAATACTACTAAGTTTAACAGATCCCATAGCTTCTCCACT,1
TATTAAATTCTTGACAAATGACGTTGTCATGAAAAATTACA,1
CTTTGAATCCAAGAATCGTAACCCTAATCGAAGAAGACGTA,1
AACATACTCGAATCTCGATAACCTCCCTGGTAAAATCCTTG,1
ATCGGATGATCTATTTTACGAGGAAAATTTGCGCATGTTTC,1
CTTGTCTTGGAAACAGAGCAAGAGGATGACCATGCCACTCC,1
TAATAGCTGGTAATTCTTTTATACAAATACAAAAAATTGGT,1
ATTTCGTTTTTGTTTTCTTGATACACTTCGAATAGTTGCAT,1
CTCCGCCGAGTTTGAGAGGGATCGAACGTTGGCTTTGTACC,1
ATGAGCAAGCTTACACGAAGATAAAATAATAGATTTGAGAA,1
AGAAACTTTCGGCGAAATTGAAGTGATTCGGTGAATCACAG,1
AGAGAGAGTACAAAATAACGATCCACCTAATTTAACGCCAA,1
CACTCTTAAATACCATCTCGACCGATGGGAATATCTTTGAA,1
AATCAAAACCGCCAAGAATCATCGAACCACCACCAACATCC,1
GGACGATGCTCAACCTCCGGAGATAACTGATTACACCAACG,1
TCAGATTTACCAAAAACAAAAAAAATATATATATATATCTA,1
AGGGGAATAGGAGCAAAGCTAGGCAATACATTTAACAGCAA,1
TAGAAGAAGCCAAAAAAACCAATGGTTTTGTCAATTATCAA,1
TTTGGACTTTGTTGGTTGTGAATTGTCGGGTTCTATCATTA,1
TTCTTTTGTTCTGAGAGACAATGTGGCGTGCTTTCACCTGC,1
TTGACATAAACGGTTGAACAAATCCGCGACTTCAGAATCGC,1
GGTATCATCGAACATTGGCTAGGGAGCGATTCTGAAGTCGC,1
TTCGTACTCAAACCAAAACGAAAGGGTATATCAAAATTCTA,1
TCTTGAATCTGATCATGACAAGGTGTCTGTGGTAGCATGAA,1
TGAAGTTGCGGATTTGTTCAACCGGTTATGTCAAGAAGTGG,1
CCGGTATTAAATTCAGGACGAGGAAAACCGACCGGTTTTGG,1
GATGGTGGTGGTGGTGGAGGAGGCGGTGGTGTAAAAGAAAG,1
ATAAAAAATTAAAATAAAAGAGGGGACACATTTTCAGACTA,1
ATCAAAATGGACTAAAAAAAAACGCTCGATTTTTCTCTTAA,1
TGATCAAGTATGTGTTTATGAGGGTTAACTGGTTAAGTTGG,1
CAAACTAACCAATAAAAACAACCTAACAATATAACATATGT,1
GCCGCCGGAATCACCACCATAACGACCATCGCCGGCAACCA,1
ATTACTATTTAATTCCAGCAAGGCAATAAAACCACATTTAT,1
ATCTAACCTTTTTAAGGGCAAGAGCGAGAGAAATCATGATA,1
GGAAAAGAAATGCGAAATACAAGTCTCGATTATCACGTCTG,1
CGATCAGAAAAAAACATAGAATACGTCAAGATAAAGACTTC,1
AGAAGCTGGATCAGATCTGTAGGTACTCATTATATTTATTA,1
TCGTCGGTCAAGCTCTTACCACGGCGGAGATGACGGTGGCG,1
GTTTTCTGCATAGCATTCAAACCGGACGCTGAGCTGTCTAA,1
CCATGACTCATCTTTCGAGAAGGTAATTGCGAATTACCAGA,1
TTCGCTTGGACAACTGAATGATGTGGCGGTGGCAGCACCCC,1
AGGGCTAGAAGAAACTCGAGAGAAAACAGAGGGATATTGAT,1
GTTGGAGGTGTTTCTAACCGAGCTGTCGTTGGATATGCTCC,1
TTGATAAGAGCGGGAAAGCAAGAGGACAAAGACGAAGTCAC,1
TAAACTTTTCCTGTTAACCAAACGGTCGTGACATATAATAT,1
AAGGAACAGGGCATCAAAGCAGGGTTTAAGCACTACTCTTG,1
CGAATCCCGTCCTTATGGCAAGACAATGGAAAACTTCACCT,1
GATATCCGACACCGTGGACCAGTTAGCCTTTTCCAGCTTAC,1
CAAATGGTTATGGCGATTAGAGCGGACGAATCCGTTTGCGG,1
TACCAGGAGGTTTTTGGCCGAAGCCGAAATTCGTAATTCCT,1
ATCATGTGTCCAACACACAGACGCACCTATAGCGCGTGTAA,1
ATGACACTATACATGGAATCATGTGTAGTGTGAAATCGTAG,1
CAAATGTAAAAAAAAAAAAAAAATTATACTTACGAATATTG,1
GTAAAACTTACTGTTGCCGGATCAGCCACGAAGATCCTCGA,1
AAACGAGGTGCCGGACTTCCATCTAACAATGTATTTTCCAG,1
TAATATTGTTAGGTTTAAAGAGGTATAATATAATACACCTT,1
AAATGATGATACTTTTTTTTATGGTTGTTTTGCAGATTGAT,1
TGATGTGATTAGGAAGAGCAATAGAGGAAGAGAAGAATCAG,1
CAAACTGATTACAATAAAATAGGGAACATAAAAATTTCATC,1
CACAGCTTTATTTGTCGAGGAAGCATCGAAAGAGAGTCCCC,1
CTGATTCTGTCCTAGCCCAAAACGGTCGGCTTCCACACAAT,1
ACGCGGATCTTTGTTTAGCAACCGCTTTACAAAATCTCTTG,1
GCTTTTCGAAAAGGAAGGGAACCGACCAATCATGATCGATG,1
TTGATACTTAGTATCAGGTGATGTGGCAGCACACGATTGGT,1
AGGTGATGTGGCAGCACACGATTGGTCAGCGTTTTTGCTCA,1
CACCAACGACTGTCTGATGAACCCAATAAACAATTAATTGG,1
CATAAAGGGCTAACAGGATAAAGCATTTTCTGTGAATGAGA,1
TTTTTTGTATTGCAAATTTGAGGGACTGCTAAATGCCTTGT,1
AACAAAATGTAAAATATTTAAGGTAAAATGACAAAATCCTC,1
AAGAAGAAGATCGGAATCTGAGGTATTTGCGTATTTCACGA,1
TTATTTGCGATTTTTTTTTGAGGTAAGAATCTTGTCGGTTT,1
ACGGTGTGGTTGGACCTCCAAGGTACACACAATTATGTGAT,1
AATTCGGTTTATTATGACAAAATAAGATAAAATATATCTAT,1
TAAAAAGTAGTTCACGAATTAGATCAAAAGAGATCCGAAAA,1
CTAAAGATGGGTCGAAAACTAATGAGAAATGTTTCTCGCAA,1
TATGATACAACCGGGCGACGAAAGAGCAGCAAACTTAGCAC,1
CCCATACCGCATATGATACAACCGGGCGACGAAAGAGCAGC,1
AGAATTATGAATCCAGTATAAAATGGTACCAATGGGTATAA,1
TTTCGAATGTCATTTAAGTGATTTTCCAATGAATAAGAATT,1
TCTTGGCTGACCACGAAATGAGGTTGCATCCAAGTAGTGTA,1
CGTAATATTTCAATTTTGTGAGGGGGTCGACCGTACACATA,1
GAGGTGACAACGAAAGCATTATTTATCGAAACTGAATTTTG,1
GTTCTATTGCTTACCATCAAACATACTACTAACTCAGTGAT,1
ATTATATTACGATTATAACAAAGTGACAACTTTTACCTCGT,1
TTGAAAATTCTTATCAATCAATTGAACAAAATTGCTCTCCA,1
TATTTCAGGATAACAAAACAAGTGGACAATCGACTTACTCA,1
ACTTCAAGGGATCATGACCGAGACCGCAGTAGAAAGAAGGA,1
GAGACCGCCGTGACCGTGACAGGGGACGGGATCGTACTTCA,1
CGAGAGAGGTCTCGTGACAGACCGAGAGAGGATAAGCACCA,1
ATGTCACCACCCACATCAAGAATTGGCAGAAAAATGGATGT,1
TCTCGCCCAAAGAGAAAACGAGATGACGATGATGACGGTGA,1
TCGTTGTTATCAGAAAAAGTAGGTAGCAAAAAAAGAGATTT,1
TTGTCAAAAATAAAACAACTATTATAATAATCGTTCTTCGT,1
AATAAAAATAAATAATATTTAACGATCGATGACATAAATAG,1
GTATTTTTTCTATTTATGTCATCGATCGTTAAATATTATTT,1
ACTAACCATGGACGTATAGTACCTGTCGGAAACCAACTTTA,1
AAATGGTTTCAACAGAGATAAGCAAACCACATATGTGTTAT,1
TGCATGTGATTTTAATAAATAGTGGTCTAATATTGCATGAT,1
AACAAAAACATTTCTGGGAAAATCATCATCAATTTTCAACA,1
GAAGATGAAGATGATAGCGAAAGTAACAATTTCTTCGATTT,1
ATCAAAGAATCGAAGAACCGAAGTATCAATAGATGATTGAA,1
AAGAACGAATTATCATATTGATCTGTCGACATTGTTGTAAT,1
ACGATCTGATACAAGAACCAACCCAGCATGATCCGAGCTAT,1
TGATTTCTTGGAAGTCAAAGAAGCAGAATGTGGCAAGTAGT,1
AGAGGAGAAATAAAAAACTGAGAGAAAAGTGGGAACGTGGT,1
ACTAATTTGATTCCAACACTATATATACCGTTAATTTGATG,1
ACTCCTTCAGTTTTTAATCTAAGAATCGATGAGATAACTTT,1
TACTCATCTACTGATTTGAAACCGAACGAGACTGTTACATG,1
ATCATTTGTTTCTTTATTTCATGTAACAGTCTCGTTCGGTT,1
ATTTGTTATCGAAAAACCCGACCGACCTTTTATTTCTCACC,1
TCAAGCGTTTATGTGTTTTGAGGTTTCGAACTTTCAAATTA,1
AGGATAAATAAGATTAGAAGATACAATGGATTTATTTTTGG,1
TTAAATCATGGGGACAAACGAGGCATTTGTCTGAGAGGAAT,1
AACCATATGTATACTAGTTGACCGAATGCAAAAACTGTAGC,1
ATGGAGTATGTGAGAGAAGGAGGTGTGTGGGATCCGAGTTC,1
TGGAGATAAACTTCTACGCAAACTAGTAGCTCCTATAATTG,1
CAGATATTGATGCATGAGATATATCCTAAAGATGTCCAAAA,1
CAGTTGAGGCCTTCCGGGTTAGAGAACGAATCCTTCTTGGC,1
GAAATGGAGCCTAAGAATTGAGGCAGCCATGCGAGGGTCAT,1
GAAGAAATGCGAAGAAGCGCATAGGGCAGCGTCGTGCTTTT,1
GAACTTTGTTGGAATCGGCTAAGTGATAATTTCGAAGCTTG,1
TAAAATGATTCCAGATTTCGAGTTAGTGTCGTTAATGGTAT,1
CTATCTATAAAGTCAGGCGGATGGAACGTGGTGAATCTCGC,1
TGAAGATTGTATTAGATCCGATTAATCGTCTTCCTGGTCGC,1
AATGTTGGAGAGAGAACTGTAGTGAGCGGGTCAATGGAAGT,1
AGGTGTCTCTTGCCTGGGCGAAGTGTCGTGAGTAATCTCCT,1
ATCATAGGCTGGTTATCATGAATGCGCAACGAGAATGGTTT,1
TAGTTATACAAATAAAAATAATATCGCGTCCATTTGAAATT,1
GAGCCCGAACCCACGAAACAAGAGTCTGATGAGCAACAGGC,1
AGAGTGAAACGACGAGCTCAAAGACTCAAACACAAGAGACC,1
AAGGAGAACCAGACGGTGCAAGAGAGTGAGGAGGGTCAGAT,1
TGGAGATTGAATACGACCTTAGTTGACGTGATAATATTATC,1
CATAAACTCTAGATCCAAAAACCGATTTATTTAATAAAAAG,1
CTAAATTTCTCGGCGCAGAAAATTACCGGCAAATTTCACGG,1
TAAAATGGTGGAGACGAATGAGTTACCTTCTGATTTTCATT,1
ACAACGTGTCCAGGAACCACAGAGATCGACGCCGGACAACT,1
TCATTATCGAGATTCTAAGTATCGATTATGCGTTGGTTAAT,1
TGAAGTTTTCAAAATTTTGTAGATGACATAGCTACTGAGAT,1
TTTTTTCTACAAAACCAAACAGTGAATATTCATTACGACCA,1
TTATGATTTCCCCACAATCAACCGAGCATGGTTCTGACGAG,1
AGAAACTGCAGAAGAAAAAGAAGAAAAAGAAGAAACAGAAG,1
CAAACAAAGGAGAAAAGTGGACCGATCAAAGTCTCTCCACG,1
GATCTTCCACCTGGTTTTGAAGGAAATCACTATGCAGTTAA,1
CAAGGAAGTAAGAACAAACGACGGCGCGACCGGTCACCAGT,1
GCAGAGATAGCCTGTGATCTAGTGACCCTTTTGGCTGATGA,1
CAAAGTGTTTAGACAATGACAGTTACCAACAATGTATGTAT,1
ATGGTTGGTTTGCGCTTATGATTTGGCAGGATACCAAACTG,1
GATAAGTCACCAGAGATGAGAGTTAGCGGTAAGAAATAGCA,1
CTGTGAAATAAAAACGAGAGAGAGTTTTTGAAGAAGAAGAA,1
GCAGAGAAGGCTGCAGCTGAAGCAGCCAAGAAAGGCCCTGC,1
CAAAACTAGCATGCTTACAGAAGTATTAATTAACTTATATG,1
GGGTTCTTTTTCCTACTCTCAGGTACCGAGTATGGACTATA,1
CTTGTGCAGTTAATTCGGCGACTGCGAGGTGGAGATGAAAA,1
TTTTACCTCTCCAAGTTATAAGGAATCGTCGAATTCGGAGT,1
AGAGAAAGCCGATAAAGACGAGGTGGAGAGCTACTAGTGCC,1
TGCTTTGATTTGTCAAAATTAGGTAGCTGCAAGAAATCAGT,1
ACAAACCTGATATTATTACTAGGTGATAGAAATTGAATTAC,1
TAATCAACATTATTTAAAGTAGGTACAGTTGTATAATCCTG,1
ACGCTGTTGCCGCAATACCGAAGCACTGGAATCCTCATCTG,1
CGTGCCAAGTCCTGCATTTGAAGTGACACTATTATCGTCAA,1
AACCATATCATTATATGTGGATACCACGTCAAAACAAAATC,1
GATAAGCATGCATAAACACCATATACAAACTTGGAATACTC,1
CTGCAAAAGAAAAGAAATTTAGGTACTTGAGGAGATAACAA,1
ACTCCATTTGCATTTACTGGAGTGGGCGCATTTCGTCTGAA,1
ATCAAAGTGGGGAAAAAGTTATTGAATACAACAAAAGGAAG,1
AAAGTGTAAATCTTGAAAAGAAGCAGTAATGATTTGGTAGA,1
ATTGGAAAAAATGATAAATCAAGTAAGAAGTTTCTTAAAAA,1
GAGAAAAGACAAGCTAGGCTAGAGAAGGAGCATTCAGAGGA,1
CTAGAGTACACCGGTATGGTAAATGGCGATGGGAGCCCAAA,1
TTACCTGCGGTGAAAAAAATAGAGGTCAGCACTCAGCAGTG,1
GTTAGTACATATAAAAAAAAATATATCTTGATCGATCAAAC,1
GCCTGATGTCAGCGATGCGTATATAAACACCCTGGGCTCCA,1
GTTTCCAAACACAGTTTAGCATGTTACATGTTTCTGTCATT,1
AGTTGTTTTTGGTTAAAAGGAGAGAAGAACATGTTACCAAA,1
GGATGAGCCGAGGCCTGCCCACCTCTTTAAGTTGTGGGAGA,1
ACTCAATACTACAGAGTACTAGAGGTCAGTAAACAACATAT,1
CAATATTCAGAGCGCTTCTCATATGCCGACGCATTGTTCTG,1
CTACTAGTTTGGGCTGAGCAAGGGGACGAGGTTAGTTTGCA,1
TTCCCACCAAGTAATTCCCGACCTAGCGAAGCAGTTTCTCT,1
CGGGACATTAGGACAAGGTAAATGAATGCATTATAAGAAAA,1
GAGCTGAGATGGGAAAAAGTAGGTACTAGGTAGCTTTCGTG,1
TTGTACACCACTTTTAGTGTACAGATATATATAAAAAATAC,1
TACAGATATATATAAAAAATACACAGCGTACACTTTACATT,1
TACATTTGTACACTAAAAGTAGTGTACGATGTAAGTGTATG,1
GATAAACAAATATAGCAAGCATGAATATATCAAACCACAAT,1
CTAGTGCGGAACATTTTTGCAGTTAATACTACTTAGCCTCA,1
TGCGCTATTGAACGAAATTAACGAAATATGACGCGATTCCT,1
ATTTCTTTATATCTGTGATGATCGAATGAAGTTCTTGTAGT,1
GCTGCGATGGTAGCTTACAAAGTTAGCGTTATTTTAAAGTA,1
GCTCCTTTTAGCCCGATCCCACCGACCGAGATATGTTGCTC,1
AGGATGGTCCAAACCAAGGCATCGCTCATTAATAATGAGTT,1
CAGCCAACACGCAAAAGGCTATCGATCTCCTAAAGGTATAC,1
TATCTAGTCGGCGTATCGACAGATGGCGAGCCAAATACCAA,1
TTAACCAACGGATCTCTACAATGAATTATTACTCTGACCAA,1
TTTGCTCTGTCGTTCTTACGACTTCCCGACTGTTACACAGT,1
CAGTACGGACATCAACTTGGAGAGAGCGTTAGAAAACCGTG,1
ATCAAACATTCGGGCACTGGACCGAGAAGATGTGTATCCAT,1
ATTGTTTTGGGAAAATAAAGAAGCAGCGTGCTTATGGTAAG,1
GAGCAGATTGGTCTACTAAAAGCGACCAATACAGAATCTTG,1
GCAGGGGACCCTCTTTATGTAGCGGGCGGCCAACCAAAGTG,1
TGGTATAGTTGAAGAAGACGAGGCAAGGCCATTTTTATTAT,1
ATAACATTGAATGGAAACCGAGGAAAACACACACAAAAAAT,1
CTTATCATTATAGCTAACCGACCCACCAATGTTCTGCTGAT,1
TGTTCTCAGATTTTGGCCCAACTGAATTCAATGGGTTTAGA,1
AAAAAAATTTAAAAAAAATGAGGGCCCAACCGGGTTCGAAC,1
TGTAATTATTAATAAATCGGAGATCGCGATCTGAAATTCTC,1
AAAAAGACCAACAAAAAATGAATTAATAACAAATACCTATA,1
GTTTGGTTTCATCTCGTTCGAGTCAGCGGAAAATGTTCAGT,1
ATTATAATTCATCAAAATTCAGAGGACAGAGATATTTAAAT,1
TAAATCACTTGGGCGGACGGACGTGATGGCATACAAACCAA,1
TGAAGGTTATACATAAAATTACCGATCCGTTAAGGCTAGCT,1
TTAAGAATATATATAAATACATATACGTACTGTATGTTGAC,1
TCGCTTTTTTAAAGATAAAAAGTGCATTATGTTGAGATCAA,1
ATTTCGTCAATGGATTTATAACGTCGAGATTCATGTTACGA,1
AGCTTTATTATAAATCAACCATAGGTCTATAATAGAGTAAA,1
TTTGGTATAAATTATACCGAATATTACAAAACCAAACTAAA,1
GAGGACTAGTTACAAGAATCATATGCAAACAGAACGATAAC,1
ATACAAATCTAATGAATGTGAATAAAGAAGATAAATTCCTG,1
AAAAAGTTGAAATGCAAAAGAGAAAAAAAGAAATAGAATCA,1
ACCCGAATACCCGAACTGGAACCGAACCGAAAAAATTGGTT,1
TTATGTCCAAACCTAAATCGAACGAAAACAAAACAATTGAA,1
TTATAAAACTCCACACAGCAACCCAACAGCTTCAAAACGTT,1
CCGGCGAAGTAAATAAAACGAAGGAACAAAAGAAAAAAAAG,1
AGGAAACACAAACGGGAAAAACCGCGCATCGTCAAAATAGT,1
ACCCACGTACCGGGAAAAGGACCGGTTATCCTCTACACCGG,1
GGATGGTTGATCCAGTGTGGACCGAAAGCAACTGGGACACT,1
TTAACAAAACCAAATAGAAAACCGATCAACTGAGTGAGAAA,1
AGACAAAGCTCAAAATCTTTATTTAACCCTTCGATTCTCAA,1
AGCTTTGTGTAAAAACAAAGACCTGCCAACATTCTCTGAAA,1
TTTATCTTTGCTGCAAAAAGAGAGGTCCATCAATTTTGATA,1
TTAAAAACCTCAAGATTTTGAATCAGCAGTTTTTCTTTCTT,1
CTTTTGTTGTATTGTATGGTAAGTGACAACTTTACGTGTCT,1
ATACGATGAAGAGCCAAAGGAAGTGCTAGGGGATCTTTCGG,1
TAAAAATCAACACCAAACCGAATTGTCAAACTTAGACCAAA,1
TAACAAAGGAGAAAATAACTAGAAAATTCCAATTAATTAAT,1
TTAGGTTAGATTAACAAAGGAGAAAATAACTAGAAAATTCC,1
AATCAATCTCGGGTATAGCAATCGAACCACTGCGCACATCG,1
GCAGCAGATGATGCGACATCAATCGCCGGTAAATCAATCTC,1
TCGATATTTATCCATATTTAAATGAAAATTACTTCTGTAGT,1
CTCAAAAACATTTTAATAAGAGACAACATTACTGAAGCCAA,1
CAATCATCAATTAGAAAACGAGTCAAAGTCATGTGTAATAA,1
CATCCCTCCTCTCCTTAAAAATCCATCAGTCAAGCTAGAGG,1
CGCCTTGTTTGTACTGTACCATGGCGTGTGCATCACCACCA,1
TGTAAAACTATTAAAGTTTGAGATTCTGGCGTATATACTTC,1
AAAGTTTGAGATTCTGGCGTATATACTTCAAACAATCAAAC,1
ATGAGAAAGAGAAGTAAATTAATGAACCTGTTGAGGATAGA,1
AAGAGAAAACATATTTCAGTAAGTCTATTGAATTCATTTAA,1
TTTGATTAAATGTTTGAAGTAGTTTTTTTTGTGTGTGTGTG,1
TTTTGCCGGATTTGTAGAAGAAGTATTTGTAAGAAGTGCAT,1
TTTGTAGATTAATTAGAAATAATCACTAATTGTTTTGACTG,1
AATAATCACTAATTGTTTTGACTGAATAGAAAACTTAAAGA,1
ATTATTATAAGTAGCAAAATATATAACATGATTACGTGATA,1
GTAGATGGTGAGGAATATGGAAGTGACCAAGGTTCTGAGCA,1
AATCGAGTTCGTCAAACGAAACCAAACCTAAACATAACATT,1
GCTAGAGTGAGATGGCAGTGAAGTAACGTGTTTGTCTATTT,1
CAAGTTTCTTCAGAAGGTTGAAGTGTCGTAAACCCAAAGAG,1
CTTCGACTTTCTTAAAATCGATTCTATTAGGCGGTGAGGAA,1
TGATGAACAATCAAACACAGAGATGGCGAAACCAAGCAAAG,1
GTAACGTATATGAGGACGGCAATCGATGTAAATAATCCGAT,1
TGAATAACAAAAATATGAAGACCTATTCATATTTTTTGGCT,1
TGAGCAAGTTAAGAAACATAAGGTGCATGAGTTATCTCTTA,1
AATCTGGATTAAAGTTCAAAATTTAGCAACAACTATAGATG,1
CTAGTTACTCAACATATGGCATGGTTATATATGTATAGAAA,1
ACATAACAGTTTAAGCCAAAAGGAATTATATGAACCTGGCT,1
GGACGACGTAGAGAGAAACGAAGCACTTGGAAAACACAAAC,1
GGACCAGAGTTGATCCAAGGATGTAACAGACACTGAGCTGC,1
ATCTCTTGTTTAGCTTCAAAAATGGACGTTAATTATGATGC,1
GGATATTCATCTTGATATTGAGGCCACATCGAATGAGACAG,1
CAGGTCATGAAAGGCTTTGAACCGAGTGAACGTTGCTTGCT,1
CCCTCGGTTATCCAGAAACAACCGACTGTTTTAGAGACTAT,1
TGGTTCCATCGCTTCACAGGAGGTATTTGTCTGTGATTGTG,1
AGATTAAGCCTTTAAAAAAAAAAAATATATACATATATTGG,1
AAATGTCAAAAATGAATCAAATAAAACAACTTGCAAAAGAA,1
GAATGAGAAGTTAGTTGTGCAGATACTAAAAGCAGGGTTAA,1
GCAAGTCGCGACGCACAGCGACCTCCAAACTAATGGTAAGG,1
ATATTTTAAGGAAATTAGCTAGGTAGCATAACTTAATTACA,1
ACGCTTATTATGCTCAAACAAGTGGACGAACAAAATCCATC,1
CAATTAATTTGTCTAGTGTGAATGAAATCATAAAGTTTGCA,1
AGTCTTTCCGGTTTAAGAGAACAGAACAAAACAGAGGAAAA,1
AAACAACATAAAAAAAATCTAGCTACGGTCAAAACACGATA,1
ACCTTTATCTCAGAAAAATTAATGAACATCTCTTATAATAA,1
TATGTTATGTTTCTTTTCTAATTTATATTTAATTTTATATA,1
TTAATTTTTTATATAAAATTAAATATAAATTAGAAAAGAAA,1
CCAAATCTCCAAGAAATATCAGGCAACAATTTATTATGCAA,1
TTCGTCGAGGATGGATGAGTAGTGATCGGTCTTGTTGCCAT,1
TCTTCTCCAATGGCAACAAGACCGATCACTACTCATCCATC,1
CGTTAACACTGATAAAATCAATGCGACGTTGACGTTGTAAC,1
ATACCACAAAAGTGTTTAGAAGGTCGTTCTCAAAAAGTTTA,1
AAAAAAGAGTTATAAAAACAAATATATATTAAAAAAATTTG,1
CATCAGCTTCAAATTTTTTTAATATATATTTGTTTTTATAA,1
CTTGAGCTACCTAAAAAATTAGGAAATTTCAATAAGAATTT,1
AGGGGTCCAAAATAATATTTATGGATTAGTGAAAGTGGCGA,1
TCACGTATCGATCTAAATCGAGAGGGAAAGACAAAATTGGA,1
TGTCTGTTTTACAATTTTGTATACACAAACAAAAAAACTTA,1
AATTTTTACGGTCTTAAAATATATAATTAGGAAAACTAATT,1
TCTTCCATTGGGAAGAAATCAGGTAATAGTGTTTTGAGTAG,1
AAAAAGGGAATCAAAAAGCGAGGTAGCTTTATATCTAAATC,1
AAATCAAAGGTAAAAATAATAGGCAACAAAAATGAATTTAT,1
AGAAGAGATTGAAAATGGCTAAGGAACATTGTCCGGCGGAG,1
AAATCAAGATTAATCCCCTGAAGTTTATAGAAATTCGTGTA,1
TCTACTGATTATATATATATATATTTTTTTTTTACTACATT,1
TCACATTATCGAGTATTTTGAGGTAAATTTGCATAAATTTT,1
GCATATATATATATATATATACATATGTGCCTAATAGCTTA,1
TTTTGAAATCCGATTGGCTAATGCATCGATAAGCGTTGATT,1
GAGATGATGGCTGTTCTTGGAGCGAGCGGGTCAGGGAAATC,1
AGTGTTAGCGCGGATCTCCGAGGTAGTCAATCAGTGCTTGC,1
AAGCTGTGACCTTGGTGAGAAGTGGGCAGTGTTGAAGCTAA,1
GGTGAAAACATTTCATTCGGAGGAAAAAGCACGGAGAGGTG,1
CATTGAAACCTCTTAAATTGAATTAATTATAAAATCTAACA,1
CAGTCATTTGCTGTAGTATCATATTCTATATAATTACATAA,1
TGTATTAAGTTGCCTGAATGATATAGCTAAAGTATGAGACC,1
GATTCTCCCACAAGAGACGAAGCGAACGAAAAGTACTTAGT,1
CAGAAATGCACGGTGGATCTACCGGGCGGACCATTGGAGAT,1
AGAGTATGTTGCTGGTTTTGATATCGCGGTGAATAACTGGC,1
CTAAGAGCGTCTTGGTAGGGAGAGGTCACATTGTTCGGGAA,1
CTTAGAACTTAAATGGAAAGAGGCAAATATCAGTAATTCCT,1
CCCATTTGGCAAAAACAGCAACCGATGTAAATCATTGTCCC,1
TGTGGTTGAAATTACGACCGAGGATAGTTATTGAAGCATAG,1
GAACTTTGGAAATGGGAACAAAGCAGCGAATTCATCTGTTG,1
ATGGGTCGATTAGAGAAAAAAGTAATTTTCAGTGGCTACAG,1
TAGGAAAGGGAGGAGCCAAGAGACATCGGAAAGTACTCAGA,1
GTGATTTATGAACAGTGAACACTGAACAGTGATGAATATTT,1
GGGACTCGCCAAATACGAGGAGAGAGCGATTAAAGCTATCA,1
AAAACTTGATCCGAGAAAGGAGTTGTCGTTAGGTGGTTAGA,1
CTTGAATCATTTTTATTTTGATTTAGTGTATCATCTAAGTT,1
ATGATTGTTTGTCTGAAAGGAAAGGATGATGAAAAAACTCT,1
TATGTTCTGATATCTGGACCACCGGTTGATATACCATCATC,1
ATGATTTGGGACTTTGAGCAACCCAACGAACCAGCTTAGTA,1
GAAAATTGTGTGGAAATTTGAGGCACTGAAGAGATAGTGGA,1
ACTTATTATAAAATTTTGCAACCTAATGAGCAAAGACGGGC,1
CTCCACCTGCAATGTAAGCCATTCCGCGGCGGTATAGACCT,1
CATAACAGATTCATTCATAAAAGTGTCAAAAATGGGAAACT,1
TCTGTAATTTTTCTATTTTAATGTCTTTGTAATCTAATTGA,1
TTATACATCCACCCATTCCCATGAATCAACTATGTGGTCTA,1
CATAGCCTCGGAGGAAGAGGACGTGCCAGTTGCGGTGGAGG,1
GGGTACCCGTAAATCCCACCATACAATAAAGTCCTGTGAAA,1
AAGTAATCTCTCGTCTTTAAATCGACCGACGATGCCGGAAA,1
CTCCCATTACCGCTGTGGAGATCGCGCAATGAGACTAGGAA,1
TTGATCAACTTCCTAGTCTCATTGCGCGATCTCCACAGCGG,1
CGGCTCAGTGTTGTTTCTTAACCGGTTAACCAAAATCTTCC,1
TTTCTTCTCTCATTGATCGGAAGTCTCATGGATTTTCAGAC,1
AAAAAGAGGTAGGAAAAATGAAGTTACGTAACTTATATAGT,1
ATCGAGTTTTATTTGAACCGACCCAACTAAGACTCAATGAA,1
TTGTGGGATGATCCAGCGGGATCAATCAATATCAGCAATAT,1
TAGAAGATGGTCCTCAAAGGAAGTAACGAGCTCTCCGCGAA,1
TCATCAAAAACGGTAATGCAACTAAACAGTGCCCTTTAGGA,1
TGTTAATAAATGGTGTTCTAAGATATATTAAAATATTTTAT,1
AGAAGTCACGATCTCGATCTACCGGACGTGGGGAGTTCTCT,1
AGCAGCAGCGAGGTTGTTGGAGTGCGAGGGTGCTGATATAC,1
CTGATATGAAGAGGTGAGACACAGAACAATGTGTGATCCGT,1
TCAATTGTGTAAACGATGCAAAGTCTCGATTTTTTATAGCT,1
CAGGAGATACAGCACAAAGAAGATGATGCTATTATTTGCCA,1
ATTTTATTTTCTTAAACTCGAGGTCTTTGTTTTAACAATTT,1
CTTGTTTCTGCTACTTTTTTAGGTATCATAAATAACTATTT,1
CAATTCCAAGAATCCAAGGGATCGAGTGGCTCGTCAGAAAA,1
GTATAAGAGCATCAGCGGCAACTGCTCGCACATCATCGTCA,1
AACTGCAGCAGCGACCAGGGAGGTGACTGTGATATGTAGAT,1
ACAGAGTCAGTGTTCAATTCAGCGAACGAAAAAACAAACAT,1
TTGGAGAAGATTGAGAGATTAGAGGCGCGTTTGTTGAGAGG,1
GCTGGCACGGGCCTGCGAGTAGATTAGTTGATAGTAATAGG,1
AAAAAGAACAAGAAAATTGTAGGTACTGTATAAAGTTTTTA,1
AAAAAGTTAATGATAAAAAAACGTAAAAAAAAATACAAAAA,1
AATAGAAGTATCTACTATTGACCGACCTGTCGTCGAGATAT,1
GAACTCTACAAATGATACAAACCGCGAGGCTTTTCCTAACC,1
ACTAGAGAATACTGCTCACGAGGCAAAAAACACAATGGCTA,1
TCTTTATCCTCAAAAATCTGATCTGTCGTCGTACTATTCTT,1
GGTTTATAGTTGAAATCTGGAGGCATCGCCAAGTAGCCGCC,1
TTCTTCAAAGATTTCACACGAGTAACCTAAAATCCATTGAA,1
CTGCAGAGCTTGAGTCTCCCATCGCTCGGCTGCAACAACAA,1
ACATTGGTGACCACATTCGAAAGCACCGTTGTTTTCATAAT,1
TATATAAGGAAAAAAAAAAAAGAGAGCGTAATCTCCATTGG,1
AACATTTTTTAAGAAAAATAAGGTAATAGAGTATACATTTA,1
CAACTCTACTCTTAAGACCAAATGCTCGAAATATTCTCTGG,1
GAATCCCATCACAAAATCAGAATGAGCGTCTGCGATTTTCA,1
GTAACATATCTATTCTCATGAGGATGGAGATTCCATTCCAT,1
CTATGGGTTAAAGAAAAAACAGGTGGTGAAGATTACATACA,1
TTTAGTGCAAGCGAGTGTCGATGCAGCACGGTTGTAAAAGC,1
GGTTGTAAAAGCTTGGCACAAGAAAATATGGTACTTCAGAA,1
CGCTCAGATACGTTCGCACAAAGTAAAAGACTCTACAAAAC,1
GGAGACTTGTAGTCTACTTTAGGGGATGGTGAATAGTATGG,1
TTGCCACCATGCGCCGCCGGAGAGCTCGATAAACGGTTTCA,1
GTCAGCTTATGGTAAAAAGAAGGTAAGAGTGTATTCATTGG,1
GCATCGTTGCGAATCAAATGAGGTTTTGAGTTTTGACAAGA,1
TATTCATTCACCAGTTTCCGAAGTATTGGTCCTAATTCCTA,1
TCCGTTAATGACTGATAACGACATGTCTATTTTGGCATGAT,1
TTTAGAAGTTCACAGATTCCATAGGATAGAACACCATAAGA,1
ACCGCCTTCTCCAATTCAGGATCGAACGTGGAGTAGTTAAG,1
GACAATGTCTGAACGTAAGGAGACAGCGGTAAAAATAACTA,1
TGCTCAATTTGTGTTTCCTGATAGCATATGGAAGCTTTAGT,1
CCGGAAACAATGTGAAAGCAAAATTGTTGCAGGAAAAAGCA,1
GATTCTCGCCGGTGGGCGAGAGGCCACACCAACGGCGGCAA,1
CGCAGGATAAAGGAAAAGACATATGACGTCTTAACAAGAAA,1
CTACGATAGCATAGGCGACAAAGCACCAACTTCTTGAGCCT,1
CCAAAGAAACCACTGCTACAAATGGCATACGGAAAGCACGA,1
TCAAAATATGTTTCATGAAGAGTGCTCAAGTATTTTTCTGA,1
TTCTGAAATGGCACTGGTGAAGATAATACAGGAACATCTGC,1
AGGAAATCAACTTCACCTTAAATAGCAAAATGAGGATCTCT,1
AGGGGAAACAAACAAAAAATAGTGGAGAGTGAGATTGGAGG,1
GAAGCATTTGAGTTTGAGGAAATGGGCGACACATACTGGAC,1
CGCCAAGGTGTCTTTTGCCGAAAGGCCGTCCTTTAAAATTG,1
AAATTGTAGTCGTCGTAAAGAGAGATAAAAAAAGAAAAAAA,1
TCGTAAAGAGAGATAAAAAAAGAAAAAAAAAAAAGCAGCAA,1
CGATAGATTGAACAAAGCAGAGGCGGCGTCTTTCTTTCCTC,1
AAACAAAGCCATGATTGTGGAAGTCGGGGCGATAGAACCGC,1
GTCACCGAAGGTACATAATCAACAGACGAGACAACACTGCA,1
AGTTTCAAGAGATGATCTTGAGGTTAAACTGCTGCTCCGTA,1
CAGAAGAAGATATGGAACAAACCGAACAGTTGATAGAACTC,1
CAATATGAGTAAAATTACTTAAGTGTTAATATTATATATCA,1
GGTCTAGTTCAGGAATACGCAGCGAAAGGAAGTCCCGAGTT,1
CAGGAATACGCAGCGAAAGGAAGTCCCGAGTTTTTCTTCAT,1
TCAGTTTGAGTGTAAAAACGAGTTGACATAACAAGAATCAC,1
GAAAAAGCAAAGGAAAACTAAGGTGAAAAAAACCTAGAAAA,1
TTTGCGTAGAAATTTTGGCAAACGGATATAATTGTATATCG,1
TTCCGAGATTCATCCTCTGCATAGAACGTCGATTCTTGCGA,1
GCAGGTTCCTTAAGCAACACATCCAACAACACCGAAGGCAA,1
TCATCTCTTACGAGCTCAGCACAGGATGTTGCAGTCTGCTA,1
GAAATGAGCAGCTTTAGTTAAACGATCAACCACCACCAAGA,1
AGCAGCGTCTTAATACACCCATTCAGCAGCAGTGGCTTCCA,1
ACTGCCAAAAGCTCCTTCTCATAGATCGATAGGTGAAGTTG,1
CAAGGCAAACAACTTCACCTATCGATCTATGAGAAGGAGCT,1
ATCCACTGGCTTATATTAGCAGGCATTTACAAGGCAAACAA,1
GTTGTCTTCTTTAACAACAGAGGTGTCACCACCAAGTACTA,1
TCACTAGGTAGGAGTGAGCAACCCAACTTCTTTGCCATTTG,1
AGACATGGAGCAGCAGGGCAATAAACCAGCGTTTCAGGAAA,1
CAGACGTGGATTACATGAGAAGGCAAGGTCACGCTAACAAT,1
TCGATGCTCAAAATCTGAAGATCGAGCGCCATATCTCGGAG,1
AATTCCTCAAACTGAAATCGATATAACAATCTGTGGTTTGT,1
GCTCACTTACTGATAACCAAACCGAATATCGAAATTCCTCA,1
CAACAAATTCAACAAAATTGAGAGAGAAAACAAAACTTGCC,1
TTACGCAAACTCACCTCAGTAGGTACTTCTCTTTTTTCATG,1
AATAAGATCTCAATAAATGCAGAGGACAAGAAAATCGATCA,1
CGTTAACAAATTAGTTTTGTACCGCGAAGTAAATTCGATAA,1
TATCAGCAATGGAGCTGTCGAGGTCGACTCATCTGTGATGG,1
ATAGTAACAAAAATACATAGATACATATGTATGAGTAGAGA,1
GAGTGACACCTGCAAATAGGAGATCTCGACGGAAATCGAAG,1
ATCCTCAACCCGCTGGACCAACTCCGCAATTTTTTTCTCAT,1
CATACTCAAAACATTTTACAACCCAATCAAAATCAACTAAT,1
TTACTTTTATATTTTAAAGTATACAGAGATGATAATCCAGA,1
AAATCAAATTTTAATTATTGATGTGCTTGTCGATTACGAAT,1
TTATCAAACTTTACATCAACATATAAATCTAATATCATATA,1
ATCTTCAGAGTTTAGAACCGAAAGAAGCAAACCGAATATAA,1
TTTAGAACCGAAAGAAGCAAACCGAATATAAATGAATGCTC,1
TTTATCGCATATTTTCGTTAAACTACCGCATAGTTTGGTAA,1
AGGTGCATCACTGATTTTCGAGAGCTCAGTGAAAAACCAAG,1
GTTTTCCTGTTCCAGTTCACATGGAGTAGCCTTACTCGAGC,1
ACCGTATAAACCCATCGTGGACCGATTGATACCCTTATAGT,1
TATTCTTTTTTTTTTAAAGGATGTATGTTTTTTTTTTGTAA,1
ACAATTTCTCAGCAAAATTTAGAATTTTGAGGAATAATGAG,1
GTAAATTATACGATTAAAAAAGAAAATATGAAACACAATTC,1
TGTGGGAACAGTTTTGGGCGACGTGGTAGCTTCCCCTCCTC,1
AGAGTTCTTCAGAGATTTGAAAAACACGTTTAGCAAATTTC,1
CTGCCCATTTATTTGAAGGTAAATAAAGCAATCATGTCGAA,1
TTGGTAGAACATGGAGTTGGATTTACCGTCGTTGATGAGGT,1
TCTCTAGTAAGAAGGTAAAGAGTTAGCGATAGTCGAGGTTT,1
TCCAGTCAGTGATTGTAGCAAAGTAACAGCGTCTCCAGCAT,1
AAAAGGCGATATGAGTTCCCACGATATATTAAAAGCCCATC,1
AAAGAGCCTATCGTTTACAAACCGAGCAGCCTCGGGACCTC,1
GGTGTTTATGATGGTCATGGAGGTCCCGAGGCTGCTCGGTT,1
ACATTTCTAGCAACCGAACGAGGCGATCCATGCCGCAACCC,1
ACTGCAGCTGCAATCAAAACATATAGAAGCAAATCAATAGA,1
AAACTTGTAAATTACAAATTAAATGTAGGGTATTTAGTTGT,1
TTACATTGTCTCTGAAAGCAAGGTTGTGCAATAATGATTGA,1
GTTCAAATCCAAATGGATGTACCGAATGATGATCCTCTTCG,1
GTTTCGAGCTCAAAACAAAGAAGCAACGAGCATTTTCAATG,1
CTCAAACGCACCTAAAAAGGAAGCAAAAAACCAATCATAAG,1
TTGTATTCAGTATTCAGTTGATTGATCAATAAAATTAAAAA,1
TGAGTAAACCATTTAAGATCATCTAATATTTAAATGAAAAA,1
ACAGAGGCCAAGTCAAGACAAAGGAACGAGCAGATAGCGAA,1
ATGTATTTGTGGGCGCTAGTAAGTAGTAACCTCACGTCCTC,1
TATATTCCAAGTTTTCCCATACATTAGATATCATATACACA,1
AAATCATGATATAAAGATATACGAACCGGAGGTATTGGCAA,1
TCTTTTGTGTTGTTGCAGCAAAGTGGCGAGGAAGTCGAATG,1
TTTTTTGCCCAGTTCCAAATACTGCTCGACTCTGAGAAACT,1
TTTGTTTTTTCTTTTCATAGACTTTGTAAGCTGACAGAATC,1
GAAAAGAAAAAACAAACACAATACGTCAGTGAATAGAAAAA,1
CAAAAAAAATTAGAAATACCATATTCTGCATTTCAGGATGA,1
CCAGCGACGTACGGACCCGGAGAAAAAATTTCCTGAACAAA,1
CGTATATATCTATTGGACCGAGTGAGGAAGAAACCAAGCTA,1
AAGGAAACATTTTATAAATGATGTTACAGCATAGCAGACAT,1
TTTGCTAACAATATCAGCCAACCTAACGACGCTACTCCAGC,1
GATAACTAAAAATCCCAAAAACTGCAACAATAAACCCAAGA,1
ATAATGTTTTTGTAGGATTGATTCAAAATTGACCTTCGTGT,1
TATAGACGACGAGGATCACGAGATAAGAGAGTTTTATATCT,1
TAGTAAACGCAGGTAAAAAGACCGAATGCAAACTATAAATG,1
AATACTAGTAAGTCATTAAGAGGTTCGAAATAATATCACAG,1
GGAACAACATTTGAAACTATAGGTAATAGAGTTATAAACTT,1
TCTTATTGGGTAGAGTTTTAATAAACCCGTGGATATCCGAT,1
AAGACATGCATGTAAACTTTAGAGAACGGGATCTTTCATCA,1
AGGTGTTGGTGGATGAGGCCACTCACCGACATCATCCGAAC,1
GAATCGGGAGAGAGAAAAGGAGGCGACGCAGTGGATGATGA,1
TCTATGAGAATTTGGTAAAAACCGGTCATTCGAGCTTCTAA,1
GGCTTTTTAACGATTTGGCCAGATTTCACTGCTTTCGCAGC,1
TAAATACAAGTGTCAAAAAGATATAATCTGATCCATCTGCC,1
GGTTCAATCGTAGGGACTCGATCGACTATTTCAAACACTGA,1
TTGCTAAACCGGCTCTCCCGACCTAGAAGAAAAACAAGGCA,1
TGTTGAGGCAGGACCGACTCAGGTAACAAGCTATAGTCTTC,1
TGTGTCTTGGGAAAGGAAAAAGGAATTAAAAAGAAGAAAAT,1
GTCAGGATTCATGTCTGAGAACCGACCAGTGCAGACCCTTC,1
ATATGGAACGAAGGGTCTGCACTGGTCGGTTCTCAGACATG,1
AAACGCGATCTTACATTTTGAGAGAAATCCCGCGAGTTTGT,1
TGACCATCATAACCATGGGGAAGTAGCATAACAAGCCCGGT,1
TATTTCTGATTATCTCTTTTACCGGTCACCAGGTGTTGTTT,1
ATCATTCTGATCCTTGATTAATCGCTTAAATCTAGTTCCTT,1
ATTTATACCTTTCCGGAGCAAAGTACCAATCTTCTGATGCC,1
AAGAAAAAAAGAAGAGCAATAACAAAACTGTATATCAATAT,1
ATTGTTAGTTTCTTAAAAAGAGGAAAAAAATAAATTCCCAA,1
TACTTAATCTTCGTCTGAGGATGAAACGGCAAAATGTTAAC,1
ATGCAACACGTTACAGTGCAACTGCGCATCGAGAACCACTT,1
AAGGCAAGCACTAGACCATAACCGCCCGGCCAAGGAGCAAA,1
TAACTCACAGTACAAACCCGAAGGAGCAGTGAGACTGGCAA,1
GTCAGATTCTAGAAGCAGATACCGATCAAGGTAACATGCTT,1
GCTACAGGGTAAAAGAAGCAACTGCTTAAAGGCCATCTGAC,1
ACAAAAAACGATTTAGGTCTACGGATTGAAATTGACGCAAA,1
CGAAAGCACAGAGGAATTTGAGAGACTGAGAACGCGGCGGT,1
AGCATAAGATAAGTAAAATAAGAAAAATTCACTGGTAAGAA,1
TAGCCTTGAGTAAACAATTTAGGTACTTTTCTCTAATTGAC,1
CAACAAGAGAATCTCTGAGGAACGGACGTTGTTCTGAATTT,1
TACATTTGACCCTTAGGAGCAGGTAACGTGGTCCAATAATT,1
TAAGAATTACCTGCTCGATAAAGCGTTTCACCACCCGCTTC,1
GTTCAATAATATTAGAATCGATGTGACAACAACGTCTCGCC,1
GAGAGAGAGAGATAAAAACGACTGGTTGTCGAAATTAATGA,1
TACTACTCCCGAAAACGGCGATATCGACTCAGCGACAATTT,1
CGGTTCAAAGGCTTCTAACGAGGCGTTAAATTGTCGCTGAG,1
GCCTCGTTAGAAGCCTTTGAACCGACCAAACCTCGATCAGG,1
GCCTGTTCCTAACTCAAAGGAGAAAACAAGATTGTCTTCGC,1
AAAAAGAGTAAGGGCTACTTAGGTACTAGGGTTATAGTTCT,1
CAAAAAGCTAAGATCAAATAAGGAAAAAAAACCAAATAAAA,1
AGCGGCATGCACATATATATATATATCTTTGTTATGTTTTA,1
ACGAGATATTAGGCTACGTAATTGGATCCAATAGGCTTTCC,1
AATAACCGAATAATTTCTCGAGAAAAAATAATGACTTTCCG,1
GAAAAGTCCAAATTAGGACGAGGGGGTATGACTGCAAAAGT,1
AAAATGTATTTTGAAGAAAAAGAGGTCATCACGACGAGCTT,1
TTTACAGAGAAAAAAAAAAAAGGTACCTGTAAAAGTTCTCA,1
TGCAAAACTGTAATATCGAGATCGACTTATTACCTAGTTGA,1
ACAAACCTGTCTTGTACACTACCGCTCGCCCGCCTATTCCT,1
AGATCCTTTACGAACAAAAGAAAGAGCGATGATGTCGATTT,1
TATTGTGGTCCATGAATTCGAGAAAAATTCTGATTGTTTTA,1
TTCCAATAATATATATATATATATATACATACCACATACGC,1
ATATTTTCATAATTTATAATATATATTCATATGTATGTTCT,1
TGATACTTCAAATTTAAAGTATGGAGTATCACTATTCAATA,1
TCGAGACATTTGTGTGGACAAGATACCGTTGGGAAAGGGAA,1
TCGTTATTAGACCAAAACTAATCGATCGTAAAATGTTAGCT,1
TGTAATTCGCAATACTGTAGAGAATGGAGAAGGGTTGAATA,1
AATGTGTCCAAAACGCTCCAATGGCAGGATGCGCCAATACC,1
ACATTTTCTTTTTGTCGTGCATGAACAAATAAATTTGAGGT,1
AAATATAAATCATGTGATTAAGACCACAAGATTTCGTCTAA,1
TTACATTGAGATGAAAAATGAGTGGCTGAGGAATATAGAAA,1
TAGAGGAGATCTTGGAATGGAGATTCAGATCGAAAAGATGT,1
GTTTTGTGCTAAAAAAAATGAGTTACATATATTCATACACT,1
GTTTGAAAAACATAAAAAGGATGTGTAATTGGTTTAAGTTT,1
AACAATGTGAAGTTGACCGAACCGGTTGGCTGATCCTGGTG,1
TTAATGTCACCAACAAATTCAGGTTTTGTTGATACGGGCCC,1
ACGGGGATATATTAAGTTATATTCGCCAGTATAAATTAAGA,1
TCAATTCTAGTTTTTTTAATATATCGAGTATAAATATTGGT,1
ACAAATTTAAAAGAAATCTGAGAGAGAGATAACTAGACAAG,1
CAGGGTGGAGATTTTACACGAGGCGATGGACGAGGTGGAGA,1
CCCACATCGGAAGTTGAGTAAGATCTTAAGTGGTATATATA,1
CATATTTATAGCAAAAATTGAGGGGAAAAACTTCAATGGGT,1
GAATTAATAAAAAAAAAATGAAATATTTATGTAAATGAAAT,1
TATACAAGCTGTTTTATATCATATAAGATGATATCGTTGTG,1
AAGATTAGGTGAATGAAAAGATGATTGGATATACGAGAGCT,1
AGTAGCGATCAAACGCGGGGAAGTAAACGCGAAGATGAAGA,1
CTGACTGTTGAGGGTCGATAAAGTCGGTTGGTGAGCACTTT,1
CATATTCCTTAATAAAAAAGAGTGACTTATGTCATGATACA,1
TTCAATTGCTTGATTGCGTAAAGCAGCGGGTAAACTCGACG,1
ATTAGTTTGCTAGACAATGAACCAAATTAAGAATCAAAGGC,1
CATAAATAAGATCAACATTAATAAAATAAATAGTTTTTTTT,1
TTAACCCAGTAAATTTAATAACTGCAGAAAGAAACCTATAC,1
ATCTTACTACATATATATATATATGTAAATTTATTTATTTT,1
TGAATCGTTGTTACAGTTCAAGGGAGGGTCCATTTCCAGTT,1
GTGACTAACCTAACTTGCCGAACGGTTGCTCCTTTTCTTCC,1
CAGCACTGACAGCTGGGACGAGAGGCTAGCGAACAAAAACC,1
TCTCATTCGAATTCAAACCAAGATAACCAAAAACCTTAGAT,1
TCATCTTCGGTTTCTACGAGACCTGATGCCAAAAGATCCTC,1
GTAGATCTATGAATTTTTTTAGTGAACTAATACTATTTCTG,1
TAAATAAATTAAATGAAAATATGTATTAATGGGGCATATTC,1
GAAACATGAGATTTCTAAGTACATATGCTAAAAGATATTGT,1
TACACCATATACTGAAAAGGAGAGGACATTGAGAAGATTCA,1
GCATTGATGGTCTAGTGGCGAGTTAGTATATATTAATCTAA,1
CTTTGCATTGATCTTCAAGTACCGAACACTGTCTGGATTTA,1
GAAGCAGCCGTGAGTCGAGGAGGTAGTTCTTTTGGTTTAAA,1
ACTGCTTTGACCGAGCAGAGATTGCTCGAGTAATGAATGCA,1
AGCTGGGATCAGCCAACACGATGCATCGTCTTCCATGAAGT,1
AGAGGCTGCGTCTTGCCTAGAGCGAGCGGTGAATATATTTT,1
TTTCATTGTTCTAAATTTTGAAGTCTCTGTATATGCATACA,1
TTCGACGAGGAGAAATTTCGAGATCGAGGATTCGCGTTTCG,1
TTTGGCAATTTTTAAAATTGACTGCTTTACAAAATGACATT,1
TTTGAAATATTCATCAAAAAAGGTAAATATTATTAAGCTAG,1
ACCCCATATATATAAAAATTAGGTAATTGGTACTGCAACAA,1
GACACCAAGGACGCAAAGCAAGGTGAGATCAAAACTAAGTA,1
ATTCCCGCACCATGAAAATGAGATCGCCCAGACATGTGCTG,1
AATGTGAAGATGGGAAAATCATTGAACAACTTTTTTACGAT,1
ATGAACTCTCAAGCTGCGAAACCGAATAGTTGAGAGGAGAA,1
CGTTCTTTCGGTAAGTCACAAGGTGACGAACAATATCCCAA,1
CTTCATGGTCAATGTTTTTGAATGATTCAACAAAAACCCTA,1
CCATTTTGTTAGGATTGCCAAGGAAAATTTGCATAGTTAAC,1
GCTGGAGAAATAAAAAAATTAGGTATTTAATAATTCATCAT,1
CGACAAAGAAATAATAATAGAGGGAAATGTTGCTACTAAAA,1
TAACTTAACAAAAAAAAAAGAGTTAATTAGTTTATATATTG,1
AATTCCTACGGAACAAAAGAACCGGTTTATCCGGAAGGAAG,1
CTATGGGGAACCGCAGATTAAGCGAGCAACAACCTACATCA,1
CACCGCCGGCTGAAGGGAGAATATGGCGCTTCACTACCGGA,1
CTCAAATCCAGAACTCAAGAACCTGTAACAGGAAAAATCAA,1
ATGGGAACACTGATAGGTTCATACGGCGATATCTCTCACAG,1
GACAGAATCCTTACCAAAATATTTACTTAAATAACATATGG,1
TTCTTGAACATATAAAACAAAGGTTTCGCATTACCAAAAAA,1
GATAACTCAATGCCCAGACCACACAGTGATCTAACTAGTCT,1
ACTGCATATGTTGTAATTTCAGGTGATGGGCATGCAACACG,1
TGGTCTGCTCAGCCAGAGCAACCGGTTGGGGAAGACGGTCT,1
TAAATTTCAGACAAGCAGACATCGAACAAGTAAGATAGAGT,1
ATGCATCACAAACCCATTGCACCAGCCAATCACATGTTAGA,1
CATGTTTAACATTTTATGTGAGAGTTCATACTGAATACTTT,1
GATTTTCACAAACAAATTTGAATGCTCGTTTGGTGAAATTG,1
GTCACACAGATGTTGATGAGAGAGGTCTATCAATTTGCCAG,1
GAGGAGAAGTAGCTGACACCATTCAATTTGAAGGCGTGGCT,1
ATATTTCTTTGATAAAATCCAATGACCAAGAATCAGCCAAC,1
TCGCAGTTTTTGCCAGGACAATCGATTCTGTTTCCCCAATA,1
TAATTAAAAAAAAAAGTATGAAAAAAGAGAGAAAAAGTAGG,1
GAGATGCTCTTACATTGGGTAGCAAACAAATCCAAAAGCAA,1
GCAACTAATAATACGCGGCAAATGAAGTATCAAAGAGCGAC,1
AATTATATTAATTAAAAATGATGTAGAAGCATATACAGAAA,1
TAGGCCTCCGGAAACCGATGATGCACCGGATTCAACTACTC,1
TTGCAGAAGCAAAGAGTGAGATAGAGAGCAAAAGCAGCTAG,1
TGTCAAATTAGAGAAAAAAAAGGAGAATTTAGCTGATGGGT,1
GGTGGTTTTAGAGGGAGAGGAGGCGGCGGTTCCCGGGGAAA,1
CTAGTGCCAGATTCCAGAGAAGGTAACATGAATAGAAACAC,1
TATATGATAAACAAAAAAAGAGGCATCTTTGATGACGTCAT,1
GGTTTTTGTTACCATTCACAATCTATATGTTTGTCGATACT,1
CAAATCTTTGCAAAAGAGAGAGGGAAAAATGAATAGAACTA,1
AAATCTTCTCGTAGTAAACGAAGTTGTTCGCTTTATGGCTG,1
AAATACATATTGAAGTTTTCACATACCGCCACTAGTCTTTT,1
ATTTCACATTACAAAAATTCAGAGGACAAACAAATGAGGTA,1
CCCTTTCTCTAATCCGTAGTACCGGACGATAGCATCTTTCT,1
AGTCGAAGCTATTTGCTTCGAATTAACATTTTGCTTCGAAT,1
TAAATGTTGAACTAATCGATAGTATATATATGTTCTTTTAG,1
ATAACATCCTTTACTAAACGAATGGATTACGGATTCAAGAA,1
TATAGTATTGTTTTTCACCGAGATCGCGAATCAATTTATAT,1
GCCATGACCTTGTCCCCACAACCGCACACATTACAGACCCC,1
CACAACTTCAAATGTGAACTAGAGAACTATGTAAGTAAAGT,1
CCACCTTGAATAGTTTCTGTATGTAATAAGAATTTATTTTA,1
TTGTTGATCGAAAGAGAAAAAGGAAAGAGAAAGAGAAAGAG,1
ATGAAATCGGTCATAGAGAGATACAGCGATGCCAAAGGAGA,1
TTGATTATTTAGATATTTTGAGATAATGTAATAAGGGACGT,1
CTCTGTTTTATTATAATTGTACGGAATTTAACAGGTATCCA,1
AAGGAGAAGACTCTAAAACTAGTGACTGCTAATTACTTGTA,1
ATGCTGCTATTCTGGAAGCGATATGACAAGCAGATGGTACA,1
GGCTGAGTTGTTTGATAGCAACCGCGGACAATTTACTGATA,1
GAGATAGACGAGTCAAGCTTATCGGGCGAGAGTGAACCATC,1
AATGAAAGAGATTATGAGTAAGGTGATATTACCTAGAAGAG,1
ATAAACTCCAAAATCCAACCATAGCATTTTCGAGGTTATAT,1
CCATGATATTGGTAACCAATAAAGACTAGTACATGTAATCG,1
GTCAATCCTGATCTTCGGGGAGGTGACTTTGATGATGGTGA,1
AGCAAGAATTTGATCAAACGACCGACATTGATATGGAGATC,1
TAGCATCCATCATTATGAAGAAGCCCATGCACGTACGTTGG,1
CACGTACAGACCTTATAAAGAAGCGTCGTGGTAATTTTAAA,1
CATTCCAGGAACAGAGACTTACCGAACATTATTGGGAGAAA,1
TATGTCTAGCCAAGAAACCGAGTTTCCTATCTTCATCCACA,1
ACAAAGTACCTAAACTCAAGACAGATATAGAAGTGTGTAAA,1
ATTTACGAACAGGAAAAGCAACTTGCTATCATCAGAGAGCA,1
CGGTGGCGGCGGTGGAGGTGAAGGAGCAGCGGATACGGCAG,1
TTTATTAGAGGATGGAAATCAGGTGTCAAACTATTTCGTTA,1
TGCTCAGCAATAACCTATCGAGATAACGTAACAAGACCAAA,1
AGCTTTGGTAACAATTTTCGACTGCATAAGGATTAGAACAC,1
AGAAGAATGGCAGATATTAGACCGATCAGCTTGTGTTCGGT,1
CAGATTATCAAATCAGTCGGAGGTGTCATCTTTGGGAATTA,1
TCTACGAGAACATCTTGGCCACCGCTCATCGTACAATGAAT,1
TATTTTCTCTAACATGTTTGAATCGACAATCTCATCAATGC,1
AAACTGGAAAAGGAAGATCGAGAGAACATGGACAGAAAGTG,1
TGGCTTTGAACTGCAAAGGAAATTAGCGATAATAGTCGGTC,1
TTTGAAATTGACGTATCCCGAGGTATGATGTCATATGTCGG,1
ATGTGTCAAGAGTGCAATTTACCGACATATGACATCATACC,1
GCCCTTCGTGCTTTTTCGGTAGAGGGCAACTTCATTGTAGA,1
AACCCTTCAAACACATTACAAGAGAAAACATGGGATCAAAC,1
GTCTGTTCAGAAAGAAGAAGAAGCAGAAGAAAGAAGAGGAG,1
TTGTCATTTTCTGATCAAACAACGGTCGACATAAGACTAAG,1
TTATGTTTCAATGTAAAGTGATGCAACGAGGAGTTGCGGAG,1
ACCACTGTCAGGAGAACACAAATGCTCGATGGTCACTCCTG,1
CGTGTGTCCATGTGAGGAGGATGCCTCGGTCTCCAACGGTA,1
TCAGGCTTTCTACTCTCGAGACTGATCGAGTTTATACACAT,1
TTGGTCTCCTTCTTCTCTCCATCGACCATAATATGCTTCTC,1
CAAGTATTCGTTTAAAACGAATCGAATAACAAATATCATAA,1
TGTAAGTGTTAAATAAAATAACCGCCTTATTTAAACGATAT,1
CAAACCATTTTCCTTAAACAAGCGGACAATATTTAAATTGC,1
ATGTGAATCAGTATGAAACGACTGAAGCTCTTCTATCCAAC,1
ATTAGGGACATTTTTTAGAGACCGCTCTATCATCCTTCAGA,1
ATATACCCATGTCAAATTTGACTTATATTGTTTTCTGATAA,1
AAAGAAGAGTATTTAGAGGGATTGCTCGAGTCGCCAACGGT,1
CCCAGTCCCTGATTTTAGTAACCGAGAGGCATCAGAAAGAG,1
AACCGAGAGGCATCAGAAAGAGTCAACGATCGAGCCAATTC,1
TGATCCCTCCGGATGCAAGGACTTCCCATGCATAACAATCT,1
GTTATTAAGCCGAGCGAAAAAAGTCTCGACATGACCAGACA,1
AATAACTGACAGAAATAAGTACCGAATATAGCACAAAATAA,1
GGTTGAAAAAGCATTCAGGGAGGGAACCGCTCGGCAAAATG,1
TAGTACATCGAGTTCAGACAATTGCTCGTCATGCCTGAGCG,1
AAGATAGTTTGAAATTGATTACCTCGAAGGATATTTGCAAG,1
TATCAACCCATCTCATCTCCACCGAACCTGGCAGCCAAAAA,1
TCCTTTATGTATAAATAGCGACTGTTCAAATTTTGGACCTA,1
CTATCTGGCGATATAAATGAAGAGGTCGATACTCATAACCG,1
GAATCTGATTCGTGAAAAAGAGAAAAAAAACGCGGGACCTA,1
ATTAACTTAATCAAAATAGGAATAAATTATTATTTTTTAAA,1
AATCTAAGAAGAACACAATAACGAAACGAACAAATTTGCAA,1
TCATATAGAAATGCAGGGCAACTGAATTAGGTGATTTGTGT,1
TGTGTGTGACGTTACCTCGGAGGTGGCAGTGGAGAGGCAGG,1
TGAAATGATCAAACAACATCATCGAATGACAGCGGAGATCT,1
TTTCTGGATTTGTTCTTCGGAAGCAGCAACACGACCCTGTG,1
ACACTAACAACTTAAAGCTGATCGCCCGAGCGCATCAGCTC,1
GGTTATGGTGCTGGAGGAGGAGGTGGTGGTGGTGGTGGCTG,1
TTGATGACTATGTCCACCGTATCGGACGAACAGGACGTGCA,1
GGCTCTTACAGTAGAGGAGGAGGCGGCGGCGGCGGAGGAGG,1
GGAGGCGGCGGCGGCGGAGGAGGCGGCAGTGATTACTATGG,1
CACTTCCTCTTCTCCTTTAAAGGTCTCGAGGTGATCATGTT,1
AAACATATAATCTCGGGTTAAATGGTCGACCAACTCCAGCG,1
AAAGGAAAACAAGATTATGTACCGATCATCCTTCTCATTTC,1
TGTTGTGACCTATCACCATGAATGGTCGTTGCTGGGAAACC,1
GGACACCTATTTTGGTTGCAACCGATGTGGCAGCACGTGGT,1
GAGACAGTAAAGATACTAAAACCGCTCGAAGATATGGGTAT,1
ATGGTAATCAGAACGAGAGCAGGCCGCAATTGCAATGTTCC,1
ACAGATAAAGAGACCAAAAAAGGTAAGTACCTGAGATCCCC,1
AGGACCCATTCCCTTAGGGCATACAGCGACCACACTGATGT,1
CAGGTAACAGAAGTTAATCGAGTTCGAATGAATTTCACTCA,1
AATGAACAAAGTAGTAAATAAGGTTCTTGTGGAAAGTGGAT,1
ATCAGGAATGAAATTTGATTACCTCTCAGTTTCTCAGGCTG,1
GTTTTTGACGAACTCTAACAAGTGAATGATTAATCTTTTTT,1
GACCATAAATACCCAAAGTCACCTAAAATTTGTCCACTTTT,1
TCCAGTCCACATGCTTTACCATATCCTAAAAACTATATCTA,1
CTTAAAGGTGAAAATTTGCAACCCATTTTCAGTAACATCTT,1
AGTTATGTCCAACAAAAAAGAGAGAAAAAAATGCAATTAGC,1
AAAAAGAAAAGTAGAAAAAAAAGTCCCAACCAATCAGCAGG,1
TTCAGTCTTACGTCAAATCGAATCAGTAGATTTTGACTTTT,1
ATCGAGAACCTAGTCCAGCGACGTGCCATGATGGTTCAAGA,1
TTTTTACTGGACAAGATGTCAGCGAACGACCTTTGTCCTCC,1
GGTGGCAGAATCTCTTTACCATTGTACAAAAACTTGAGTTT,1
AACTAACTCAGAGCGAGAAAAGGCGTCGAGTGGTCAGGAGA,1
ATCTCTTGTGGCGGAGGAGGAGGTACCGTGGAAGAAGCTCT,1
CCTGAAAACAAGAAAAAAAAAACCCGAATGAGGTACTTTGC,1
TAGGAAAATAAATAATTTTGAAGTACTGCAGAATGGACGGA,1
AATGTTGCAAAGAAAAATCGAGGGGATAGTATTTTTGTGTA,1
ATAAAAGTAGACGGTTTTGAACCGAATATAGTCACCTACGG,1
GTTGCAGAAACTTCCTACGGATGCAGTTATTTCTTGAACCT,1
AACAGCAATCAGTGAAAAAGATAGGTTGAAGGAGCCATGAT,1
AAGGGATGTGATAAAACTTTAATTAACGTTGAAGAATGATA,1
TGTAATTACTTTGGATTTGCAGGTCTCATCTGACTTGAGCA,1
TTAGACGAGAAAATAGGATAAGTCAGTACAAAAATATTCCC,1
GATAGAGTTATGGCTTTGCAAGGGAATGCTCCGTTAAAAAA,1
TCTCTTATGGTGTGAACGCGATTATTCCTATGTGTCTCTAA,1
GTTACATACATGCTACAGGGAGGTATCATTCACAAAGATCC,1
GTCTTCAGAGTCTCTAGAATAACGATCGCCATCACGACTAT,1
AGATTATAAATTTAATCAACATACCGCGATGAGGATTGGCC,1
TGGGATAGGTGCAGGAACCGAAGCACCAGCTGTAGGTGCAC,1
ATGGGATCTGGTACTGGCTTAGGTCGCGCTGGTGCAGGTGC,1
TGCACTCTACTTCTGCAATCATCGAGCGCTTCAACAACAGG,1
GTTAATCCCCCTGTTGTTGAAGCGCTCGATGATTGCAGAAG,1
ATTTGAAGAAGTGGGCGACGAGGCGGCTATGCAGAGGAAGT,1
GAGGAACACAGATTTGAAGAAGTGGGCGACGAGGCGGCTAT,1
GATTTTGATATTCAAAAAGGAAAGAAAAAAAGATGTTAAGA,1
AAATTCCCTTCAACACAATAACCGAAGAGCTCAACAAAATT,1
ACAAGACTTTGTTGACCACGAGGCATCGTATGATCGACGGG,1
TTTCTATCGTTTTCATTTCGATGCACCAGGTAAACACAGAT,1
AGTTCGAGATTCCAATGACAAAGCATCACACACATTGCCTG,1
CTATGAACAGTTTCTCACTTACCGAACTATCCGACTGTTGA,1
AGAAAATATTGTTAGGTGTAAAATCCCGATGAATTATTCCT,1
GTGACAACAGCATTGGAACGAGCGCTTGCACAGCTAATGGG,1
TGAATCTTGTGTTAAACTCCAATGTGCATAGAGATGGAAAC,1
ATAGTTTCTCAAAGAAATTTATTGAAATAGGTGCATCAATG,1
TCTACCATAAAGGCGAAAATAGCGGATTTTATCAATTTGCT,1
AGCCATTTAAAAATGATTGAACGTAATGCAAAAAAAAAAAC,1
AAGTAACTGAATATATTACTATGTAATAAGTTTTTTGCTAT,1
ACTTTAGAAATTGTAAACGGATTTGTCTCTATTTATTTGGA,1
GCGAAATAGAAAACAAGAGTATGCAATGAAGAATTGCCTTG,1
GCTGCTCAAAGCAAAAAAATATGTAACAACATTATTAAAGA,1
TGCGAAACACAGAAAAAGAGAAAGAGAGAAAAGGCAGGCAG,1
ATCAGTATCCTACACAAAGCAGGTAATCACAAACACTAAAT,1
GAATATTCGCATAAAAACCGAATTAACAGAGAGCTTTCTTA,1
AGAAAACCTATAAAAAAATGAATGACTGTAGATATGAGGCA,1
CCGACTCAGGAACCTCGTGGATCGAATACAAAAACTATTAA,1
TCTCTTCTGGTACTCTGACGAGGGAGCAGACACTATGGGAA,1
TAAATTTAAACATAAATAAAACTGAATAATTAATATTACCC,1
GTTTCATGATTCTTTTTGCAACCCACCAATCAAATTTTACC,1
ACATTGCATGATAATTATTCACCGCACGTTGCAATGCTTTT,1
TGATGTATATATGCATGTCCATCAAATAATATATTTGCAAA,1
CATTTGATTTTTTTTTTAAAAAAAATTCAATGCATGTAAGC,1
AACGAATTGGCGTATCAAAGAGGAAACAGTATAGTATTATA,1
ATAACCTGGTACATGTAAACATCGAATAGTTAACTACGAAT,1
ATTACGAATGGATCAAGAGGAGGTGTTAGAAGCTCTGTTTA,1
CGGAGATCAGCTCGATTTCGATATTCTAGCGTGACACTGCC,1
CAGGTGGAGTTCTATAACACAATGGTCGAGAGAGAAGATGT,1
TTGCCCATGCCCTCTGTACTATCGATCGAGCAACCTTTTTG,1
ACCTTGCGATGCTGTCTGCCACTGAGTATGTAGCCGTGGAA,1
AGTAACTGCATTCACATCGGACTCACCGGTGTTTGATACCC,1
GAGAGAACTTCTTTGCAAGTAGGTCGCAGTAAAATGGTGTG,1
CGAGAGGCTGCTAAGAGAGGATCGAACATAGGGTTGAAGGC,1
AAACTCTAATCAAGAAGCAAACCTGGCGATGAACTTCTGCA,1
ATTTTCTCAAAAAAAAAAAAACCGTAACGTATCTTCTTCTC,1
GAAGAAGAAGAAGAATAGATATATATTTAGTGGTTGATCCT,1
AGTATAAATGGGAAAAAATGAAGTAGTGGCAAATCTTATCT,1
TGGTTCAACGTAGTAAGAGCAGCGAGAGGTTTATTCCCTTT,1
ATTTTGGGGAAAGGGAATAAACCTCTCGCTGCTCTTACTAC,1
AGGACGATCTTCCCTCAACAACTTCTCAATAAAACCTGCAC,1
AGCTCAACGAGCCGCAAACAAATGCGCAACCACCGACTTCT,1
CAATATAAGACTCATTAAGGATATAAATACCTGATTAGCCA,1
TCTGATTTGATGACACAGTGACCCAATTTTCCCGTTCGTTT,1
TCGTTCTTGAAAATGATAGTAGGTAACAAATGAAAAAAATA,1
ACATTGGAGCAAAGTCAAAAACGTAACAACCGGTCCGATGT,1
ATGAACCAAAAGAGACGAAGAGGTGCTTACTTCTAACGCAT,1
GCGATTTAGAGCGACAGTCAAACGAACAATACAACAATTAC,1
ATGTAGTTGAATCCAGCGACAACGATCCTCGACCAACGACA,1
GTTCGTTTGTATGTAGTTGAATCCAGCGACAACGATCCTCG,1
AAAAATCAAACAAACAAAGGAAGGAACAACAGCATTACCAT,1
TAAGAAAGAATTATTTATGTAGGCAACAATCACAGTAACGG,1
GCACAAGAACGCCAAACTCAAGCGAATAGGCTTTCACGTGG,1
GAGCCAAAACCATTCAAACCACCGGCCGGTCGCCTAGAATC,1
TAAGATAATATAGCATGTAGAGTAATAATGTTGTCTTACAA,1
GAACCTGAGTATCTCAAATAAGATACTCAAAATAAGTACTC,1
GCTTTGATATAGGGTTTCTGAGCTGTTAGATCTTTCTACTT,1
TACATATGCGTAGAGGATCAACTGCTCGAGAAGGTTTGTAT,1
GTATCAAGTTTTGAGGCCAAAGAGGACGCAGAGAAGTTTAT,1
TCATCGCAGAAGGCGTAAGCATCGAGCGGCTCTTTGTGATG,1
GAACAAACCTTCTGGAAGTGACCGACATGCGTAGTACTATC,1
CAAAAGCCGTAAGCTAAATCATCGAGGGAGTTAACAGTTAC,1
TCCGCTAGAGTTTTATTACAACCGAATTAACCGAACCGAAA,1
TGTTAGCACAAGTCTCGGAGAGAGCTCGAATCCCAGAAGCT,1
TATATTCTTTGGTTTCTTTGAGTTATCGGCAAATATAGAAG,1
TAATCTGAAGTATGAATCTAATCCAACAATGCAACATTCTC,1
AGCAACCTCTTCTGGCTCGGATTTAGCGCGAGTTTCTGAAC,1
GATGTTGTCACCAGAAAATTAGAGGATGACACTGTGGATTC,1
GAATCTGGATTAGTAAAAGGAGGTAAATACCTGATGACTGA,1
ACCTCACTGTAGTCAATGCCAATGCTCTCGAAGAAAAACTC,1
GTAGCTACACGAAATGTCCCAGGTATCGAAACTCCAGTTCC,1
ATCTGTAGTGTATCTATGTGACATACTATTGTGCCACTAAA,1
AACTTTTTCGACGGTAAATAAACGGTCGGAAATTTTCGACG,1
TAATGTGAATTGAGTTGTGTATTGACTATTGAGATATTCAT,1
GCATGTTATTCGTCAGAAGGATAACATTATCTCAATTAGAT,1
GTACGTATATCATCAAAATGAATGAATAATTAGAATCAGAG,1
CAAGTTCTAATAAAATTTCTAGTGACAAAAAAAAGAAAAAA,1
AAACATAAAAAAAAAAAAAAACTCAACGGGATACTAAATGA,1
AACAAAAGGGAGAGAGGCTTATTGAAAAAAATAAAATTAGT,1
GGATGCGACGACGACGACTGAGGCGTCTAATTGCGTCTAGT,1
AAACTCGAAAACGCTTCCGGATGCGACGACGACGACTGAGG,1
CCAGAAACTAGGACTTCATAACCCGGCAAGCCAAACCACAA,1
GGCTGCCCACGGCCAACCCGAAATAACATCCGCCACCTCCT,1
AAAATTAAAGATACAAAAAGAGGCATATAACCTTTTGATTG,1
GAATTCTATAGGATTTGAGTACCTGACAAGAGATTGAGGCC,1
CAATCCTAAACCTCCGTTCCACAGAGCAGCTTCGTATATAA,1
GTGAACACAATGACGTTACAACCACCTAGCTATTTCGTTGC,1
AACAGTGACTTTGCACGCGGACTCATCTATATATACAAACT,1
ATTATAACAATGTTTTCACTAGTGAACGGATACTATCATCT,1
TCTCGAGCCCACCGGGTCGAACCGAACATCTTCCGAGTCAA,1
TCACACGGTATATAAAAAAAAGGTTTTTTCATATGACAGTA,1
CAAATTCCAAGAACCCTAAGACCCATTGTCACAGCTGTAGA,1
ATTACAAAAAAAAAAAAGCAACGAAAATTTTATGATTTCTT,1
ACCATGGGTATCTATTAACGATAGGAGTTTTCAATATGAAT,1
AGTACCTCTCTATCAAAGGAACCCACTATCAATAAATCTGG,1
ATCTATAGTCATCGCATACGAAGAAATGGCATCACCCACCC,1
ATATATATTTAAGAAAATTTAGTGAAATATGATTATATTGT,1
CTTTGAAATCTTCACCAAGAACCGAGCACAACGAGTTAAGC,1
GATCAAGAGACTGTCTACGGAGTGCGGGACGAAGACGTGGA,1
GTACATCTGATGCTCTAGCTATCGAGCAGCGCCGGGCTTAC,1
GGTGGTGTCAGCTTTAAAAGAAGCGGCGAAAACAACTTGCC,1
CAATGAATGGAAAGGAATCAAGAGGACCTGCGTGTAGCTTT,1
GGAGTCTAATTTATATATATATATAAAATAACCTTAAAATC,1
AGTCTACATTAAGCGACGTGATGAAGCACGCACGTACGAGC,1
CTTTGCTCAATCCACTACCGACCGCTCCAAAACCGCTACCA,1
GCAATAACACGATAATTCGCAGGCAACTTTGATTCCCAAAT,1
TGAGCAGTACCAGGTTGGCCACCGCTCAAAAATTTGGAACC,1
GGAGATAGCGCACGAGAACGAGATCTTTCCGCGTCATCATT,1
ATGTGACATTCAACACGTGGAGATAGTACAAGAACGAGATC,1
AAATTAATTATTAAACAGAGAGTTAACATTATACAGCTAAC,1
AAATAGTTTAAGAAATTTGCAGGTAACATGGATCGAGCACA,1
CAACGCTGCGCCGCAGAGGAACGTAACAGTATTGGTAACGG,1
TTAAACAACAATTGTGATGGAGCCACATGCACAAGTCTCTG,1
ATTTGAGATAGATTGGCCATATGTACTATAAAAGGGTAATG,1
ATGTCCTCCAAGCCGCGGCTAACCACCGTCGCTCGACGGCT,1
TGATAACATAGGGCTTCCGGAGATGTCGATCCTTAAAAGCC,1
AAAGCTTACCAGTGCAAACGAGATTCCTGCAAGCACCATTG,1
AAATATATTAAACCTAAAACACCGCTTAGGGGTTTGGATGT,1
TAAAACCGTTTCACCTCTCTATTGCTAAGTTTATTATACCT,1
ATAAAACAAAACAATAAGACAAATTATGATTATGATTAACG,1
TCAGTTGACTTTATTGGTCAACAGAAGGAACCACCTCCAGT,1
AGGCAATAAAAGAAGGGAACAGTATGACGCAATGGAAGGAC,1
ATTCCATAAAAGAAGAATCGAAGACTTATAGTAATTAAAAA,1
TTTCAATAATTTTAAATTCTAGTGACTAGTTTCTAATTTCT,1
CGTTCTGTGACGAAAGAACGACCGAGGATGGTAAAGAGGAG,1
AAATTCTTTGAGTCAATCCGACATAACTAGAGGAACTGAAA,1
TTCATAAGAACAAACAAAAAATAGAGCACTAATTATCATTA,1
TTATTTTAAAAGACATTAGTATATGAAAATTTTATCAAGAT,1
AGGATCTTAGTCTCATTCCTACATAGCAAGTGATGATAACT,1
GAGATGTTGTCGGAGAAAGGAGAAAAAAACAGAGAGAGAAG,1
AAGAACATATACGTAAAAGGAATGAATCTACACACGATGAA,1
TAGACAATGCCTCTAATACTATATGTATACATTAAATCCAT,1
TGGTGGGATGTGCAGGCACCATGGATTGAACATGGCGGTTG,1
GTCTTTTGGCTCCGCGAGCAACGGCGCGACAGTGAACAAGC,1
TAAAGCCAAGCAAGATTCGGAGAGGACGAGACAAGAGGCGG,1
GAAGATTCATTGTCTCTTTGATAGACAAGTGATCTGTGTTT,1
TGTATCTCTTATTTAAATTCATTAATGACAGGTTTGACATT,1
CACATTCTTACATTAAGCCGAGGAAAAAAAAGACCAGAGGC,1
AAAAAGATCAAACTGAATCGATTGAACACAACTTGTCCTCA,1
TCGTCGCTAGACGAGTCAGTAGCGAAAGGATCAGTAACAGT,1
AATCATTAGTGTAATTTGTTACCTAATCCCATTATATTATA,1
AAGAATTTTGCATGTAAAGGATGGAATAATAACTTTTAACT,1
AATTTTTCGTCTCTAAGTCGACAGATAGCATCGAAAAAGAA,1
TTACTCTTCGATCAATCATGACCGGTCTGGAGCAGGCAGCC,1
CTCTCGTTCAGAACACGACAAGGTCACACTGAGCAAGGCAA,1
CGGAGATTGATGAATAAAAGAGAGAGTAATATAATTCTTAA,1
ACTTGAAAAAGAAGTCGAGGATGTGACGAGGGACGTGGAAG,1
AAATCGGGATCTTGGGAGCAACCGGTTTAAAGGGAAGCGAC,1
AAGCCTAGGATCAAGCGCAGAATTGTCGTCTTCAGAGAAAA,1
AGAACCTGGGAATGCAGTTAAGGGATCGAGCAAGCAAATAA,1
CGAGAAAGTGAAGGAAAATGAGAGAAAAAGAATCAATTTTT,1
CTAATTTTGTAGCTTGGAATATATAAGATTATTGGGTGAGA,1
CCTGAAGTGGAGACTCACGCAGGTCGCAGGAATTGTCAATT,1
ACATATACTAAGAAATTAATAGGTGACAGAAAACAAAATTA,1
GAATATGGATTATTCTTCGGACGTAATATACTATAACACTT,1
TAAATTCTCATAAAGCAAACACCCACTAAGATTCGGAGACG,1
AATTAATATCATTTTAAACGACCAATATGTATTCTCTACTC,1
TTCATAATTAGAAAAAATTGAGAGAACATGCTTTTAGATAA,1
CCAAGGGTCTCTACTAGTGGAGGTGGAGCGAATTTAAGAGA,1
AAAATGAGAAACTTTGAATAATTAACGTAATGGAAATCATC,1
CTTTTCTTGTAAACAAAAGGACCGAAGATATTGTGCTTGCG,1
ACTTTGCAGCATCTGTAGAAATGGAACTGTATCTTGTAAGC,1
AAACAAGTGGTTAGTACCTAACCGAGCAATTCTCTGTTATG,1
TGTTTCGACACATCATTGCAAGATTCCGGTTTTCCTAATAT,1
CATTGAAATTTGAGAATTTGAGGCACTAGAGGAACTCCCAT,1
TGGTGGAAGAAGGGAAAGCGACTAAACCTAAAAAACAAAGA,1
TCTTTTAGTGTTTCTCTGCAAAGTAATAATGACGAGTGAAA,1
CAATTTTTTTTTTTTTTTTCACGTGATATGATATTAAAGAT,1
GCCGGGCTGTATTCTTCACGATGCAATAGCATTCGGCCTCC,1
AACCTTTCTTGGGAACATCGAAAGCGCGAGTCTCTTGAGAC,1
GAACAAAGATGGCAAAGACAATGCATCGGTCAATAGTGATT,1
TTGTTGTCTTCCCATAAATCAGGTATTGCTTCCTTTATGTT,1
CCAAGGTGTTGTTACAGTGCAGGTAATCTCTCATATTCAAA,1
GCTAAACACAAAAGTTGATGAAGTAATCGTGTATGTATGTT,1
TTCGAAGAAATCACCATGGGAATGCTCGAATGTGAGAGGTT,1
TGAAGTAGTTTGACCTGTTAACCGATTAATCTTGATCTTGG,1
ATCAGGAAGAAAGATGAAATATTGCACAGTAAAAACAGTGA,1
AAAGCTCCAAAATTTGAAGGACCTAAGAACAACAGAAGCCG,1
GATTCAAGTGGAAGTTCAGGACCTACTTCCAGAAACAAGGA,1
ATCACGTTCGTTAATAAAGGAGGCGGCGCCAATGGCGACAG,1
GAATGATGATAATAAAAAAGAGAGAGAAAATTTGCATCATA,1
ACGGCTAAACCAGTCAAACGAACGAACTACCTTTTCACACC,1
GTTCAGAATAAGACATACGTAGGTAAAAAGAAAAAAGAGGT,1
ACCCTAACCTCTGTAAAAAGAGCGGTTAGAGAAACGAGAAC,1
AAATGTGTGATTACAAATCCAGGAACCACAATTGAAGTTTA,1
CTTCTTCAGGATGGCCAGCTATAGGTCGAACGCCTGTACAA,1
GAACACAAGTGACGAATTTGAGAGAGAAAAAAAAAGAAAAT,1
GGTGATTGAGGGATGACTCCATTTGATGGAGGAATTCCAAG,1
ATCTTTATTGGGAAGCGCGGAAGTCGCAACTTTTGGAGAGG,1
CATATGTTAATATTCAAATTATATTATCAATTTTTTTATTT,1
AATATTATAACCTAAACTTTAGCTGTCGGGAAAAAATTGAA,1
AAATTTGTAATAACAATTGAATAAAGCTAAAAGGAAACCTA,1
ACCTTCTTGTGGCTGGCCCGATAGAAGAGCGACTCTACCCA,1
AATAGTTTTTACAGCAGGGGATGTAACGTAATATTGGTTTA,1
AACGGATACAATAGTAAAGAACCGAGTAGGGAAAGACATGT,1
AAGGCAAGAATAACAAAGTGATAGAAAAATAGAAAAAGAGA,1
CTAGAGTCGTCAACAACAACAGTTACCTGCAACACCAAATT,1
TTGTAATTTGAAGGGGAACAAACAAACAAATCAATGAAACC,1
CTACTGGTCTTAACATTGCAACCCAGCGTGTCTTCGTCACC,1
GATGAAACTTCAGCCGATTAAAGCAGCACCGGAAGGAGGGA,1
GAAGGTTCCATTAGAAATTGAGGTTTTTCTGGGTAGTGAAA,1
TTCATTGATTCAACAAAATTAGGTACAAACCTTTGTTGACA,1
TGATTCCGGGTTGCAACCTGATGCAGCGGTTTACACGTGTC,1
ATGGCCCATCGCATGAATGGATACGGCGCCGTGATCGAACG,1
AAGATTGCATTGTATTAATCAACGACCGAACGAGATCGGGG,1
CGACTCCAGCATAGCCATTTATCGAGCGATGTCAGACCTTC,1
ATGATGAACGAAGGTCTGACATCGCTCGATAAATGGCTATG,1
GGCGGCATAAACGACGACGGAGCGGTCGTCGGTAATATTTT,1
AAAATCCGGACTAGGCCTGTATCGATCTGCAACAAGAAAAA,1
CGGCTATTGGGTGGTGAACAACCGCCCAAAGCATAACTTTC,1
GCTTCGCTCTCGGAGGAAGAAGAGGACGGAGAGACAAGAAC,1
AACCGAACCGACCCGACTCAACCGAACTCAAACCGATCCAA,1
ACAAGGAATCAATCCAAAGGAGAAAAAATTAATAACAAATG,1
TAACGTCGTTATTTAATTTGAAGTATTGAGTAAAAAAGAGA,1
AACCTTTCCAGTTTCCAGAGAAGTAGTAGTAAAATTCTGAA,1
TAATCTTTCGACTTTCGTATATATGTATACAAATATAATAA,1
CAAAGAAACAAGTTTCTCTGATAGACTAATAATAGACCAAA,1
AGAATTTGAGAGAACCGTCGATGTGGCAACATGTGATTGGG,1
GGAAGTTCTAGATGGGGCTGAAGCCTCTGCTCGAGCTATGA,1
GCCTCTGCTCGAGCTATGACAGAGGTCGACCCCAAAGGAAT,1
AGTTAAAGGAAAAAAAACAGAGTGATCAGTAAAAGGAAAAC,1
AGCCATACTAGTCTCATTTGAGCCCTCTAAAATGCAGGCTA,1
TGATCTGGCCATTAGAGAAAAGCTCTTCAGCTGAAGTCATG,1
AGAGAAAAGCTCTTCAGCTGAAGTCATGGAAACACCGCCTA,1
ATTAATCGATGCGGAAACGAAGAGAAAAAAAAGAATCGCTA,1
ATTCGGACGAAGCTCCGGAAAATGGACGGGTTCGGGTCGCA,1
GCTTCGTCCGAATAGGAAAGAAGCACCGGTAAAAGGAACGA,1
GAATATTCTTATCTGAAACGAATGGTCTGAATAATGATGAA,1
TAACGAGTATTATTTGTATGAATGATAAAAAAAATAATTTT,1
TATTTGTATGAATGATAAAAAAAATAATTTTAATTTATTGC,1
TTGGAGAAATTGACAAATCTAGTGAACGGAGGATACATCCC,1
TAAGGGTGTTTGGTTTTCACATGCAACGCCTAAATACTCAG,1
AAGCAATAAAGCTTTTTACAAGGCAGCAAAGGTGCGTGAAC,1
CCTCCAACTCTGACACATGTAACCAACGAAAATAAGCTGTT,1
ACAAGCTTATGGAGTTTATGAGGCAGGAGGCTGTTCTGATC,1
GAGCTGGTGGATGACGGCGGAGATCGCAGGGTTGAAGTGGT,1
ATATATACGATCTCTCGTCGAGACACCAATTAATTTTGTAT,1
GGTCCTGTCTCCATCACCGGATGTGGCGACCACAACAAAAC,1
TTCAAAATTGGCATCGAGAGAAGGATCAGCGCGCTCTTTCG,1
ATAAAGGATCTTTGAAAGCGAAAGAGCGCGCTGATCCTTCT,1
GATAGGGACACCACTACTCGAGGTAGGACGTCCATTTCCAT,1
GGTATTCAAAATTCGCAGGGACTTGGCGACTTGGCCGAGGA,1
TATTATCATAATTATAAAGTATGTGTCGTTAATATGGCATT,1
GTGGGTTCTTAAGAAAAAAAAAAATATATGCAATTTCCACA,1
GTAAGGAGATGCACCGCCCGAGCGGTTGGCAAGCTGATTCT,1
AAGCCGCTTTAATTCTTCGGAGGGAATCTGAATATTTCTTT,1
ACGTTTATTACACCCAGACGAGGTAAATTAATTAAGAAGTA,1
TGCAATGGCAAAAAAAAAAGATGTAATAGATGATATATAAA,1
TCAATATATATTTTTTGAAAACCGCTCGTATTGAGGTTTTG,1
CCTCGTAAAACATTAAGTAGAGGCTACAACTCCGGGAATTC,1
CGTGTCTTAGCTTTGAAAAGAGGTTCTTGATAATCACATAA,1
GCTGGGATCTTCGCCGGACAATGCCGCCACCATCCCTGGCG,1
ATACGGGTATGCCTTTCGGTAATGGACGGTGTGACATGTTC,1
TGCGAAGGGCGAGCTGGTGGAGATGACGAGGTAACATTCTG,1
TGCCAACTGAGCATTCTGCGAAGGGCGAGCTGGTGGAGATG,1
TGGAGCCGGACCACCATATAAAGTCGCGGAGAGAAGGTCTA,1
TATAAGGAAAAAAAAAAAAAAGGTATCGGAGTCCACCATGA,1
TAACCCATCAAAAAAAAATAACCCATATATATTTTTATTAA,1
GCGCCGGGATCTACAAGTCCACCGAACAACCTCCTCACGTT,1
TGGTTGATCCCAAAAAAAGGAAAGAAATATGATTTTTTTTT,1
AGACACGTGTGTTGAAGCTCATTTTATTAGCAAATCTTGTG,1
AACCAATCCGACAATTTGCAAGCTTATGACGGACAAGGACA,1
GTTTGTGGAAGGACCGTGCCACCGATTATAACTTCGTGCCC,1
GTAACATTTTGACGTTATGGAGCTCCGGAGAATGAGATCGG,0
ATACAAATTTTAGCCATAGCAAAAACCATATACTTCCGAGG,0
CCGAGCAGTTGAAGTTCTCCAACTTTGGGAACACTATATCA,0
GCAACCTGAAAATGTACATCATCATATAGTAAGTATCAGAA,0
AAAAGCAGATGATTTGCGGCAGATGTTTCTGGCGATGACAG,0
ACAAGGTTGAGATACAGCTCATCCTTGTCAGTTGTTGAAAA,0
TAATCATAACACCACATTACATAATTCAAGGCATACATTAA,0
AAGGGAAGTCACGTCTCTTCACCATTAAAGAACATATGGTT,0
ATACTAAATTAATTAATTTTACCAAAATTCTTTTATAATAA,0
TTATGTTTATCAGGAATCTTATCCCAAATTGATTGAATAAT,0
ATTAGATCAAGATTCATGGCAAAATGCAGAGAAAAAAAAGA,0
CCATTGGGGAAGATTTTAACATTTGGAGAATTGTGCATAAT,0
CACAAGCACCAAGAGAAACGAGAGTCCATAGAGACAAAGTA,0
ACATAATTTTATCAAATTGCAATTTATATCCCATAACTTAT,0
AAGAGCATGCAATAAATCATATTTGTTTGGATTTTCTACTT,0
GCGACTTCCCACCGGAAACCATCGCCGCTGGAATCGGGAAA,0
CTAATTATCTTATCATCAGTAAGCTTACATATTAATAAATC,0
AAACACTACAAAAAGTTGAGAAAGATTCAACATCATTCTCA,0
AACCCACGATTACCAATCACATCCTAAGTTTCAATACACAA,0
GCACCGCCCATTTCAGAATCATGTTCACTCGGCCACCTTGC,0
TGAGGCTTGTCAGTTGTTTGAGAAGATGGTTCAAGAAGGAG,0
TTACATTGTACTTATAACTAATTTAGATGAATACACTTATG,0
CAATGTTATCGTTGCTTCCCATCCATGGTATTTTTCTTCCA,0
CGATTTGCCTAGTCATCATCATCATCATGACTCGTCTTTTA,0
GGCTCCGCAACAAGAAGGTCAGTCTCCATCTTTGGATCTCT,0
AATATTGCACGATACATTTTACGAATCCATATAACCTGTCT,0
ACGCTATCCTTTTGTTTGGGATAAATCGTACTATATAGATC,0
GTCTACTTAAATGATCATTGACCAATTTTTGAGGAAATATT,0
GCTCGACCTCTTTCTTCTTCATCGTCGTTTTACATTTTGTA,0
AGTTTTGTTAATCCAGTTGTAATGTTTAGTAGAAACAGAGG,0
ACTCGATTTCTTTTTTTCTTAAGGAACAAGTTTAACTATCC,0
GGTTACACACTACCCAGACCAGAAACTAAGTGGAGATGGGC,0
TTGAATATCAGGTACATGTCATTCATCAATACATGTATAAG,0
CAGATTGTGGGAGCTGTTATATATAGTGTTCTGGTGGCAGC,0
TCCGTCTTGACATCAGTTTCAAAACTCCATCCCATACGGGT,0
TAACAGTAAAAACTATTGTCATGAATTTGTGACAAGTAGTA,0
AACTATAAAACTATCTTTTTAAAATAATTCATACAAAGAAA,0
CTAATCAAAACAGAGAAAGGAAAAAAGAAGAAAAATTAGGA,0
AAGTAATTTGCAGAAGAAACAAGGAGATAAGAGAAAAAGGG,0
AATGACCTAACATGATAAGAACCCAATTCCACAATGTACAA,0
TGATCTCTTTCTTGCTTGCCATGGCGACATAAGGATTCTCT,0
AGAGTTAAGCTATTACTCGGAATCCAAAAAGAGGGGGGCTT,0
TAGTTTTAACAAGTCGTTTGAGCTATTGTTTCTTTCTATGC,0
ACCACTAACATTGCTTCTTGACAAGGATCCGAGTTTCGAGA,0
ACGAAAGAGATAAACGCAGCACCGAGAAGAATCTTCACAAG,0
TCTCTTAATCACCTCTTCTTAACTAACCGATCAAAATTTAC,0
TAGTATATTCAAACCGGTTTACTATAACATTAAACCGGAAT,0
ACGATTGCGCTCTTTGGCTGATAACATTCCTGGATATAGGA,0
AATCTAGAGGAAGAGGAACGAAGGTTTTGTCTGGACCATAG,0
CGGAGATCACTCTCCTCTCCATAAGCTAAGCTCTAGAAACA,0
GTGCAACCGAGTGTCTCTACACTCGGGAGCTTCCTCACTAT,0
TCCCCAGTGGTACAGACTGGAGAACAAGAGAGGCGAGAAGA,0
CCGCCGAATCCGATACTCCGACGGCTTATTCACTCCTCCAA,0
ATTTTTATTTCAATAGTAGAAACTAAGAATTCCAATAAAAT,0
AAACTTCATTTTCTTTCCTGAGTTCTTTAAACATATTCTTT,0
CCTTTTTGGCATTAGATAATACAGATTATAATTGTAATTAA,0
GTACAGAGAAATACCGGGGAAATTATGCGTCTTAACCACGA,0
GCTGAACCTTCATGAGGGGGATCCAGAGGCACAACGGCGTG,0
CAAACTCACTTGTCGCTTTGACCCAATAAAAGCCCAACGCG,0
TCCTTGAGTAGTGTGTTTTAATTGCTTAACTGATCGATAAT,0
TCACGAAACTCCACTAATAGAGAAAACGATGAACGAAGAAA,0
GCGCTCTAGATTTCCCCTTTATTGGAAAACCCTCAATTTCT,0
CACTTTGGAGGAACTTCAAAATCTTGTATCACTTTATCTTT,0
ACATTGATTGGTGACTTATCAAAAGTTGAAGCTCAGGATGA,0
TCTTTACATTAGAGCTTGTGAATTTTAACACTTACCTTGTC,0
GTATAACCCACATTCTTAAGATACCAAAGTGCTGCTTCTGC,0
GATGGCAGTGGAAATACATAAAACAGAGAAAGAAGGAACCA,0
TAGGTGGTTTTATCATCATCATCATCATCACCATAACTATA,0
CGGATTCTCTATGTTTGTAGAATAATCTATAAGACTTACTA,0
CTTCAAGCAAGAATGTGTTTAGGGTTGATACCGGTTCGAAT,0
CTCTTAAGTTTGATTTGTGTAAAGAGTTACGAAGTTTGGTA,0
TCAATGACAATTAGATGGTCATTCCTTTGACTTTTGTTAGA,0
TGTGTGGTTTGAGAGCGATAATGCAGAGCTAGTAAATCTGA,0
ATTCGTAGTGGCACACTCGTAATTCCGTATCGTATTGCTGA,0
ATGAATTCATGATTATATATATATATATATTTTTTTTTTTT,0
TGACCCGTGGACGCTCCTCGAAGATGGGACAAGTTCAGGTC,0
TCTGATTTTGAATCAATTGGATCGCCAGACTCATTGCTTAC,0
CTGAGGTGACAAACGCAGCGATAGAGTCGCTGGATAAAATG,0
CTTTTGGGGCAGAGGACCTGATAACACAGAGACTTATAATT,0
GAAAAAACTTATATCAGTATACACACCTGGTCATCTAGCCA,0
AAACAATGTTAGGTAAATATACAAGTCTTTGATCGCTTAAC,0
GATCCGAGAGTGCAAAATGCAGCTAAAGATCTTGAAGAACT,0
ACTTATCGTTCTCTTGTCTCAATAACGCGTTCTCATGCCTC,0
TTTTGTTTTATTGGTCCTCCAATGATATAGTGCCACGTCAG,0
CTTTCTAGGAAATCCAGCGCAGTTTTGGTGGAGAATGAAGT,0
GATGGAAAGGCTCATATCTTATATATATCACTTAAGATCCT,0
GATTCTAACAAAAAAAAAACAAATTTAGGTTTAAAGCTATT,0
AAAATTCCGAATTCTCTGCGATTTCCATGGAGTTATCTCTT,0
AATTCAAATAACCACACAGGACATGAGAATTGGATCAAAGG,0
CGTTAAATTCGATCTCCGTGAGGTTCAGTCTCGCGTTCCTC,0
GTCGTTGGATACACTATCACAGCGGCTACACCAAGAAGTAC,0
CCGATTTTAATCCTTATTAGAGCCTAGATACCTCTTTGTAG,0
CATGTCAAATCGCTAACCCTAGCACAAGTGGCTGAAGTTCC,0
TTATTAGGTGCAAGAATAATAAAGGAAAATGCTTTAGGTTT,0
TATCAATTTTTAAACAACAAATAAAGTTACAGTTTTTATTG,0
ATGAATACATTTGTGTCTAGATTTCTAGATGACTTCCATAT,0
TGAGATCTAATTTTTTTTCCATCGTATGAGTATAGTGTTTT,0
CTGTTATGTTTTTGTTGGTCAAATTGAAAACTCTTTATTTT,0
TGATGTAGATAAACTTTCGCACAAGCTAGTGATTCGTTAAT,0
CAAGATTTATGTATCTATGTATTTATCAAGATCCTGTTCAT,0
CAAAAAGTCGCAAACTCGTCAGTACGCTGTCGTTTTAGTGA,0
TTTACTTTCTTACTATTTCTAATGATCCTGAAACAGACTAT,0
AGCACGGGCATTAATATTTTATATAAATTAAATTATATATT,0
ATCTTCTTGAGAGTCTCATCAGTGCAAATGGATAGCAAGTA,0
CTGATGTCATCTTAAATCTCAAAGAATAAGCTCCTTCTTCA,0
ATTGTGACTGTCTTTCTCTTACTGCTTAAATTCATTAGAAG,0
AGTGATTTCTTCACTTTTGTACTTGGTGACATTATATTCGA,0
GAATTTAAATGCTATTTTTTAAAATTTATACTAGAGATTGA,0
ACAGTTAACAACTTCATTTTATATTAGACATTAGAGAGCAC,0
GAATTGAAAGAACCGAAACCAAATCCGAACTAAACCAAAAT,0
TTGCTCGGTGGTGTTGGAGGAATGGGACGTGACGAGTCATG,0
CACTGTAAACTTTCGATTCTAGTGATCCGAGTACTCAAAAA,0
AATCTTTGTTTCTCGTCTGGATGCGGACACTCTTTGAACAT,0
CTATTACCACAAATGGTTTGATATCTTCTGTTTCTTCAGGT,0
CAACCGCCGGACCACATGTCAATGGCATTGGTATACTCTGT,0
AATTTTTGAATGAGCTTATTAAATTATATATAAAGTATATA,0
AGGCTTGCAAAACACCTTGTATGTCATGTACCTGAAGGATC,0
AGGTCTCCGTCATCCTAAAGAAACATAATGAAGACAATCGG,0
GATCAGTCAGTAGAAAGCTGACGCTTTTTGTCTCTTGATTC,0
TAGAAGATGGAGATGGTTCGAGAAAGACTTGATCACAAAAG,0
TCATAAATAAAATTTTGGTGAGTTTTTTTTTCTCAATAATT,0
TTCCCATTCAGAACAAAAGAAACTAGCAACTAAGAATTACT,0
GGAACTTCGTTTTTAGCCGGAATCTTGTTCATGAGGTTGGC,0
GGAGCTTGTGAATCGTTATAACATGCAAACTATTTTGCAGA,0
TTCACAAGGTAATTCAATTCATTTCATTATGTGATTACATT,0
AAAGCTTATAAAATTTTATGAATTGTACTCTCTGTGCCTAT,0
AGAAACACTGGAGCCATAACAGAGACCGAGGTATCATTGGT,0
ACCATCGAAAAGAGATAATGAACCAAGAAGAAGAAAAAACA,0
GCATTGAGTTCTTCACTCAAAATCTTGATCTTTTCATCAAG,0
ACTTTTGAAGTTCCTCCTCCATACAAACCAGTTCTGGGCTC,0
ATACTTTTCTCAACATTCATAACAAAACAAACACTTTCATC,0
AGAAAAAATGATATGAGGTTATTGAAATTTTTAACCAAATT,0
CTATACATTTACGGTTAAGTAAACCAAGTCTAATCTGACTA,0
ACAAACCTGAAAGTATGTTGAAGCTGTTTGCTATGTAGTCG,0
TGGGTTGATAACAGGACAGGATAAATATCAATGGAGTTTTT,0
ATAGAGGAAGAACGTGAGAAAGCCAGAGGTTTGTTAAAAAC,0
AAAATTGTTTAATACTGACCAAACAAGTCAGACCATGTTTA,0
TTTATTTTATTTCTCTTTCCAAGACTCATTATTACTTTATG,0
CATCAATAAGTATGGAATCAACTTCATCAATCACACAATAA,0
TCAGATATTAGACTCAATAAAAAAATTGGTAAACAGTAAAA,0
ACAAAAAACAAAATTCTCCCATATGATGTCTTAAAAATATA,0
AATTGTAAGTAGGTAATAATAAAATTTAAATAAATTAGTGT,0
ACCTGAGAACCGAATTTGTGAGCGGTCTGAGAATCGAGCGC,0
TGTTCGCCTTAGCTTTGTATAAGATCATTAGTTGTTAATTT,0
TTCATCTTTACTTATTGACTAAATTCTCTCTGGTGTGAGAA,0
AAGAATAGAAACAAGGGTCTATGAATGTAAAAAAAGTTATA,0
TTCTAAAAAGGGGTTTTTGGAAAGAAAATTCAGAAGAATTA,0
GCATAGAACAACTCCAGATCATCTCCACCGTCCATCATCAG,0
GGAACTTGTACTCGATTTCGAGATCCAAGGAATATTACAAA,0
CCCTACAAGCTGCTTCCTTCAACTCCTTCATCTTGTTCCTC,0
GAGTTGATTCAGTTTGATATATAGGTTATCTCATCGAACGA,0
GAGCAACATGAATCACAAGTATGACGAGGCTGCTGTTGGCA,0
TAATTTTACAAACGAATGTTATTAATGCAGTCTATAGTCTC,0
GAAGATCCTTAAGCTAGCCTATGAGCAGCAAATAGAAGTCA,0
TCAAGAAATAGACTAAGAACAAAACGCTTGTGGTCTCTCTT,0
TGTTAACCACATAACATCGTATAGTTCATATATGTGGTCAT,0
AACAACTACAAATGTCTCTCATGTCCAATCCCATGGGTTTA,0
CCTATACGATGTCCTGCTTTAAACTACCCTGCTCTCTATAT,0
TTTTTTGCGATTCAAACTCGAGTTAAGATAGAGACGATTGA,0
AGTTCGTTTTTAGGGAGAAAAAGAGTTCGTTTTTAGGTTTC,0
CGTAGGAACCACACGGAAATATTGCGGGTAACGCTGACAAA,0
TATATACTTTTAGTTAGAGAACCAAGAAGACCTAAGTATAT,0
ATGTTAATATGAAATCAACCATTTAAATTGTGGACATATTA,0
CATTGAGTGATCATTGGTTTACTTTCTAAAAGTTTTAGATT,0
AGGATGAAATCGCAATCCATACAGCCATAGAAGGATTGAGG,0
GATGTATACATGTAACGTGGATATGATGAAAGAAGTTGTAT,0
AATTAATTTTGTACCTAAATATCCAAAACAACTAAACTATT,0
CTATTAACTATTAAGAAATTACTTGCATAAAATTTCGAAAT,0
TATGTGCCTTATTTTAGAAGACATTAATTTAGTGTTTTTTT,0
TCAACCATTGATGGTTGCGTAATTAGGGTAAATAAGTGCAC,0
GAAATCGTCTATGCTGATCTAAGTGAACTTGACCAGCTACT,0
ACGACGATACCGTGTTTTTCACGGAAAATCTTGTTAGGGTT,0
CAACACAATTACCAACCTGCAAACAACACAAACACAGTAGC,0
TACCACCTCTATTTTGGTTTAGTTCATGTGTTTGATAAATT,0
CCAGAGATTAAAGCAGATGGATCCAATAAATATGGAAACGG,0
GGGATGACTCCGAGTTGTTGATTGAGAATGATGATTGCTTC,0
ATAAAATTAATACTATCTCGAAACATTTGTATGGATATTAT,0
GAAAAACACTCATGTTTATCATACACTTGGATGAGTACTCC,0
TGAAAGCAAAATAAAGTTATAAAGTCACTTTCGTCTGAAAT,0
GAAAGTCTTTCAAGAAATCTACAAAAATTAAAGAAATAAAG,0
ATAAGGAACAATGTCCCACTATTGAGAGCTACTTGGTTTAT,0
CGTCTGTCTTCTTCTTCTGGATTTAGGGTTTTCTTTTTCAC,0
GGAGGGAAGAGTGATTGAAAAAATCTGAAAAAAGGAAAAAT,0
ATTGGATCTGAGGTTCTAAGAATCTAATTACAAAGTGAAAA,0
TGCTGTGGGAACAAAGTTGGAGCATGTGATTGCACAGTTAG,0
GAAGGTGTGATTTAGTCATAAAAGCTTAACCTTGATTTGCA,0
TAAAGTTAACTGTCGGTGTTACTAAATTAATACACATCTCC,0
TATCTATTTAAAGACAATTTAACCAATGAAACAACAAACTG,0
TTATGTTTACAGCTAACCTTACGGATTTTCATTTCTAGATG,0
GTTACTCTTCCACAAAAACCAATCGTTTTCTAATTGGGCTT,0
AGTTTAATCTATCATTGACTATGCTTACATTGATTATTAAT,0
TAAACTGGAAGATCTAGGGAACGACCAATTGCTACTCTATC,0
AAGAAGGTGAAGGGAAAGGTAATGGTGTGTAGAATGGGAGG,0
TCCAGGTTTGATGATTCTGGATTCATCTTATTTCTGAGTTT,0
ATGCGATAAAACAAATGTGGACTGAAAAACAAGATAGATTA,0
TCGGTTTTCGGACATGGTTTAGAAAAGCACAACTCTTCCTT,0
CGACCACGTCTACTACAACTAAATTATACTCCCCTGTTCAT,0
GTTTCAACATATACACCTTTATTTACTTGTTGAGATATGTT,0
TTGCTTCTTTACCTGGTAGGATGAAGAGTAATATTTTCGGG,0
AGAATTCTCTGATTTGATTTAGTTCATAAACTCTCCACTTG,0
TGTGAGTTAACCGGTTTGCGAAACTGAAGGAATTCACAAAA,0
CATCTTCGAAGAGGAAGTGTAAGCCCTCGTCTTGAAGTTGA,0
CAAAACCTAAGAGTATCTCCATCAAGGAGAAACCCAAAAAG,0
TCATTTACCATAATTAATCTAATCAAAAGCAATTAGTATTA,0
TCGAAAGCTTCGAAATTTCCAAAATTAAACCCAACCCAACA,0
AGATATTTTAAGGGTTTCGGAGACTGAAATCAGGCTCGGAG,0
TTCATTTTTTACTTTATCCCAAAAACAAAATTTCTACTATT,0
TGTTTTAAAACTGGGTGTTGACAAATATTTTTTGAGCCCTT,0
TAAAAAAAAAAATGTAAACAAAGAAAACAAAATTATATCTG,0
TACAGCTTGTAAGGATGAATACAACATATATAAGGAATCTT,0
TTTACTGAGAATATATTGTTAGCACTGAAAAAGGTTAAGTT,0
TATAAGTTTATAATTCTTAAATTAAAATAAAAAAAAAACTT,0
AGGTAGAGAGCTCTTATAATATTCTTGAAAATATATATCAC,0
CGGCAAAAAATGATTGCGGTACAGATTTCTAATGCTTTAGT,0
GGACTCATGTAGTACGGTTCAAGGACAAGACTACTGCAAAA,0
ACACAAAAACTGTGTTGTTTATATAGTTAAATCATCCTGAA,0
AACTCGTGTGACTCGAGCTTAAGTTACAAGGAAGAGTTTGT,0
TCATCAGATACTAGGCATCGAGCACGTAAAAGTTGGGTATG,0
CAGAACTTAAACTTCTCGTTACATTGTTGAAAACAAAAACT,0
CTTTTTCTTTTTTTTTCTCTATTTATTTCTATGTTTTATTA,0
TGTCTATGGATTTGGCTTGCAAGATAAGGGATTAAAGTTTA,0
ATAAAATGCTCACCAGGGTCACCTTTCTGCTGCTTCAACGG,0
AATCGGGTAGCAGGATATGAATTCAAGGTCCCCGCTGATCT,0
TTTTTCAGGATTTGCTCATCAGCTTAAAAAAGCTAGTCATT,0
TTAATTTCTGAAGTTTTGGTATTTTGTGGAGAAAAGTTTCA,0
AGCTCTCTCTCATGTGTTATAAAATATGAAATCGAAACCTT,0
AACTTGGTTCATTATTTCCCATTTGTCATGTCTACAGCAGT,0
AAGAAAGACACGCCATTTGGATCCACGAAGAACATCTGATA,0
TATATAAAAACAGTTAGGATAAAACCAAAAAAAAAAAGAAA,0
CTTTTTTTTACATGGATCGGAACAAAGTTTTGTAAAAATTA,0
AGTTCATCTGCACAAAAGAAATTTTTAGTAAAACCTCAACA,0
CCATCCCGATCATCCCTTATATCACACTTTACTGGATGGAA,0
TTATCGCAGCAGCTCATCCGACGGGTTAGGATGAATCCGCC,0
GGCATCCCAATCTTATTCTTATCTTTTCTATAGCCGCTGGT,0
GGGCTCCAAGTCCAAGGTAGACTAAACTCAAACAAACCTAA,0
AGCCAAGAATATGTTCTTGCAGTATAATGAAAACTAAAAAA,0
CTCTAAACTTTAAAATTACCAAAATATATTATTAAAAAATG,0
GTTATGTAGGAGTAACAACTAACAAATAAATCCGTATAGCA,0
ATTTGTCATTTTGAACACTTAAAACTGTATGTATATATAAA,0
TTTGCGTAGTTCGATTTGGTATATTTGATGATCATGGTGAT,0
ATGAAACCACGTTAGGGGCCACACCTTTCTCCTTCATCTTC,0
GCTTCGGAGTCACCATGCTTATTGCTTGCTTTAGACTTGCT,0
TTTCAGGAGATGCTTTGTGGAGAGGTAAATGACAAAGAACC,0
TGCGGTTCAATTTCTGAGCCATTTTTCCATCCAAGTCATCC,0
TCAGCGCCAATAAATATAGTAGCCTTTAGGATGGTCCAAAT,0
CACTTCCAACAAGATTCCTCAAAAGGAAAGAAGAGAAAGAA,0
TCAACCACAAAAATTATTAGAAGAAAACGTAATACGTATGA,0
TTATCTAGGAGCTCACAGTTATGGCAAGAAGCTGAGCTTTT,0
TTGGATCTAATTCAAGAAGGAATGTTCGATCACCTCTTTTA,0
GTACACTGGATGGTTTGTCTACAGATACCTTCTCTTCAAGG,0
CTAATTTTCCGATCAACACCACTAGGTTTCCAAAACCCAGA,0
TCTTTGGTTTATGTTTGCAGATCCAATTACCACATACTCAT,0
AATGAAATTATACATTGAGCAACCTTTTTTATATCAATAAT,0
GAAGTTTTGATAACTAATTGACGCCAGAGTAATAGATTCAT,0
TTACGGGCATGAATCTCTGGATCAGCGGTTCGACCAGTAGA,0
AATGCTAAGAAATATCTTTCAAATCTCAAAGAAAATCATCC,0
GCTCCTGTAACACCAACACTAGCAAGATAAGAGTGCATCGA,0
GCCACTGGTGGTGGAAGTTCAGAAGGTGGCAATTTTACCAT,0
CGTTCTTTTTGTCCTCTGCTAAGCTCGATGGGACGCCGACC,0
TGTTACATTTTGAATTCTTAATCTTCCCTTAAACATTTATA,0
GTTTCAAACCCATGAACTCTAAAGTCTGCATCTCTCTGTCA,0
AGATTGGTTTATTATTGGTGACACCAACTAAACAATTGTCT,0
ACAGTGTCAACTTAGAAAATAAATATAACAGTTCTATACAT,0
ATTCACACCTGAGAGTAAAGAAGTGAGAAGGAGAAGAAAGA,0
CCCCCTCCACCAACACTACCACCTCCACTTCCACCAGCTCC,0
ACCATTCAGAAGCTGCTTGTAGCATTCCATCAGTTACGATA,0
GAAATATGTCAGCTGTTTGCAAAATATAACACCAGAAATTA,0
GTTGCAGAGATAAAGTTGTGAACTTTAACTTCATCTTGCAG,0
TATAATCCCAAAAAGTAAACAAACAAAAAATAAAATACAAA,0
TAAAGAGTCAAAAACATTTGATGGGCCTAACCTTAATTAAA,0
AATCCATCTCCAAGCTGCCAAATAAAGCACATCAAACAAAA,0
TTACTTGATTCATACCTTAGACATGTGGCTGAGATCTTTGG,0
TAATCCTATAAATCTGTCCTAATAAGAGTATTCTAAGCCGT,0
AACTAATACCAATTTTTACTAGAACAATTCTTTAGAAATAG,0
TTTTTTATTGGTTTGTCTTTACATACACCATTTGTTTAGAT,0
TCTCATTTCTTTCTTTATGAACATAATAAATGGAAAGAACT,0
GCTTTACCTGACAAAAACAGAAAAGGATCATTTCCAGAAGC,0
AGAGAAGAAGAAGCAGCAGCAGAAGTTGTTAATTTGAAGAC,0
TGCAGAGCGCAACCTTGGTGAGTTCTGTTCTTTCTTTCTCT,0
TCTTCTGTCCATGTGAAGTCATGCACCGTTGCCATTTTCGC,0
CAAGATTTTCATGTTTCTTGACCACACAACAAAGCTTGAGA,0
ATCACAACCATTACACATGAATCAAAAACTTGTTGAACTTA,0
GTGTACATTATATATGAATGATATGGAGATCACTGAGAGAG,0
CATATATATCTACGTAGAGTACCGAATATTCTAAACCATTT,0
AAACAAACCCTAATCTCAGCATCTTTCATATACAATCGACA,0
CGGGATAAGGTTATACTTTTATTCGTAACCAATTTAGAAAC,0
TTGGTCGCGTCGTAGATTTCATCGAAGGTGAATCTTGTATG,0
GCTTGATATATAAATCGTTAATTTTGGAACTATAGACGGAT,0
AAAGACACTCACCTCCTGTCAAGAGATCTCTACAGCTAGAA,0
GAAGAAGTTCAAAACGAAACAAACTTGACAAAAAATGAACA,0
GGCATATATCAACGTCTTCCATCTTCACTTGGAGTCTTGGA,0
TCTCCCGTCGGACTAAATCTATACCCAGTCGGATCTTTCAT,0
GGAGTTTCAAAACGTTTCGGATGATCTATTTGTTTCGCTTG,0
CCATCTCTATCATCTCAACTATTTTAGATGGTAGTTTTCCT,0
TGTACTTAATTACATAAATGAATTTGTGCATGCGACAAGTA,0
ATTATACAGCAGGAAAAAATAATTCTTATTTTTTAATAATA,0
TTTCACCGATGACATGCCTCAAGTATGTGAATTCTTCACAC,0
TGAGTGTAGCTTCACTTTTCATAAGAACTTCTGTGAAATGG,0
TACAATGGAAATGAATATTTACCAGAAAGAGAAGGAAAAAC,0
TTTTAGCCAAATCTCTTGGAATGCCTTTCCTAAGCCCATAT,0
AAATAAGGAGGTCATCTGAAACCATCGGAGTTTGGTTGATA,0
AATAGAGTAAATTAGGATGCATTCACTCTTTATTTTTGCTG,0
TTACCTCTAAAGGATGTTTTACTTCCTCCGATGAGGAGTAC,0
GTATAACATAATATCTCGTCACATCCTGAATCGCTTTGCTA,0
GAGCTGCACCGATGCCTCCAAGAGTGGTTCAAGTCAACGGT,0
AAGGTGAAGTTACACGAAGAACAGTGATAAAACAATCTATC,0
AGAATTCTGTTTTATTGTTTAGTGAAGGAATAATCTTCAAT,0
AAAGTTTAAAAACATACTTTAATTATCTCAAAACTTTAGAA,0
TAGATATATAATTTCATAGTAGGGGAGGTGCTACTTTAGGT,0
CTGGAAGTAAGCCGGAGCTGAATGCTGTTGAGATAGCTGCT,0
CTCCCTAGTAATTAAAATGGAATCTGCAACTAATGTAATGA,0
AGGGTTTTTGTTGACGGAACAGTGACGGGAGCTTCTTTGGG,0
GGCTCTCCAACCATGGTTTCAATCAAGAACTTAAGCATTTT,0
CAAAATGAACAAAAGCTCACACACAAACTTATAAAGATCCA,0
GTACTCACAAGTCACAACTTAAACCAAGTACACAAGGATTT,0
CTTATCCTTCTTCTCCCTTTATTTTATTTTCATAATGTAAA,0
GCACTGAGCAAAATAAAATCAGAAACTAAAAATTTGTCATT,0
CGATTCCTCTGTTTACGTTGATATGTATGTGTCTGTATATA,0
TTGACTTTTTCTCTTTTTTTATAACGCCTTTCTTTATTTAT,0
TGAACTCTATCAATGTCAATAAAAGCAAATGACTTTTAAAA,0
TTTGAACACTATAATATCCGAATTTAAATCCACATATTTAT,0
TATTTAAGACGAAATTATTAAATTTACCAGAGTTTAATAAA,0
AATAGCTCGGGTTTGCCTCGAGTAATTCCCTTAGAACCACA,0
AACAATCTTCTCTTGCTGATAAGAAATGGTCTAGCTTTTTC,0
ACTGAGTTGGATTTCTAAAGATAAGAGGAGCGACCAATAAG,0
CTAGAGGAGGAGAAAAATAGATCTGTTAGGTTTTTTTGTGT,0
GATGATGAAAAATATGGTGTACATAATCGTACACCTTTAAA,0
AGAGAGGCAGAGTCTTCTTCACAAGATCCCTCTTGTTTTGT,0
AATATATAAACAATACATGTAAGTTCGTTGACTTACGGTCT,0
TATAATGTTTTGATGTTGCTAGTCATTTAAATAGATTAATC,0
ATATATATTCCATCATAATTATTTATTTATATGTATAGGCT,0
TAAATAGAGTTACAGAGGTTAATGATGTAGATGAGACTTGT,0
GTCGGTATTTGCCTCCGGTCAAATACTTAGTGAAGAACTCA,0
AACCAACAGATAAAACGTCCAAGGTTATCACCCATGGAAAT,0
TACAAATAAATAAGTAAATTAATAAAACTTATTGAGAGAAC,0
TCAAAGCATGCTTGTAAGATATTTGGAGTAATTGAAGGTAC,0
GACATTAAGTAGAAACTTGTAGGAAGAAACACCTTATTCTG,0
AAACTCAGCCTATCTCACTCACATTACTTTTTTCGAAATTT,0
CTAAAATATGGTCATTGGCAAGCCACTAAACGTATATATTG,0
TCTCACAGTTCGCGTTTTCTAACCACAACACACCCCACGCG,0
ATCTTTTCCAACTTTTGGTCAAAGTCAAACCATTTGGTCAT,0
TACACAAAACATAACAATTCAAGTGCAGATTTTTTGTCACA,0
CCACATTAAGTGTTTGGTTTACATCGTTCCACGCACTGGCT,0
AATATCAAGAGACATATATGATCACTAGGTAATGAAACAAC,0
AGCTTCCAGGTATAGCACCAAAAGCTGTTCTGGAAGCTTCA,0
GGATCCTTAGAGATGAGCTTACCATCATCACCGTCGTTATA,0
GTTCATACCATCAGATCCCCAAATCAAAACAGCCAAACCCA,0
CGAGGGCAACAAATGGGATAAGTCTTTCAGAAAGAAGCTGA,0
TGCTCAGATAAAGCATCTTGAAGTTGATCAGAGATTTCTGA,0
TGAAAGAGGTTCGGTTCTTGAAAGAAGACTTTCAAGCATTT,0
TTGGCTTCCCACGTGTGAACATTAACTCAGAAAAGGAGAAT,0
AGGAGGAAGTAGCTCTAGTCAATAGTGCCTTGTCTAAGAGA,0
GCGGCAGCAGACACTGGGGCACCGCCTCCACCACCACCAGC,0
GATCTGTGGAATCTCCCATGATGAGTCCGAGAATGCTCTGT,0
AAAGATATACCCGGTATGATATATCCTGCTAAGTAAAGAAA,0
CAAAGATAGTCATTACTGTCACCCAACCAGCAAAGAAGAGG,0
CAATCGGGTCATCGACATTTATACCCGGTCATAGGATCAAA,0
GAAGAATCCAATGGTCTTCTACTTTTGGTTGCAGGATTGGA,0
CAAATTAGGTCACATATTCAATCAATCCCCATTAATCTCTA,0
ACAGTATCCACATTCTATCAATCTTCACAGAAATGGATATT,0
TGGATCTTCTACGCCTACCTATATATACCAATAACTAGCAG,0
CCAATTACCTGAATCACTTGATGCGGCATGGTTTTGGTCAG,0
TATTTATCTAAGAATCTTGCAGTTTTAGTTCGATATGATCT,0
AAGGCATCACTACTGCAAACATTCACAACAACACTTAAATC,0
AGTCCAGCCAGTGCAACACCAGCAGTTCCCTGATAACTCAT,0
TTAAAACGATTGGAAAAATGAGAATTTAACAAGAAAACACA,0
ATTTTGTAGTTTTAAATATTAAATGCCACGTAACTAGATTT,0
CGGTTACGACAGGAAAATGAAACGTTTCCAAGATTACGGTC,0
AAGAATCTGCAGAGAATTTCAACAAACAATCCTTAGTCCTT,0
ATTTTTTTTTGAGAGTTTTAATTTTAAAAGACACTTTTTGT,0
AATTCAATCCTACCACGTGGAGTTCTTTTTTTCAGTCTACT,0
TGTAATCTGAACCTCATCTGATCATCAGAACTCGGTCAGCA,0
AGGTTTACTGCTTCCTTTCTAACTTAGTTTACCGTCAATAC,0
CCATAGAAAAATAACTCTTGACGAAACATTTCAGTGTTGGT,0
ACAATGAATATAGTTTTATGATAGTGACAATATAACTAATC,0
GAGCTGGAAAGTTACATCTCAAGACAGGTTTTATGTTCTGT,0
TTTTGTAATACAATTTAACTATCTATTTCATAAAAAACTCG,0
AACAACCCGTTATGTACATAACCTCCATCAAACTTAGTCTG,0
AAGATAAATAGCTAAGAGAAATTACCTTTGAAACTTCACCC,0
TCAAACTGATATGAGTTTGGATTATGAATGATATATGAAAA,0
AGTGTACTTTTTATGCTACTAGGGGAAACTCAACCTATGAA,0
AATTTAAACTCGTGGGTCCTATTTTTATTTTTAAAAATAAT,0
GTCTCACTAACTGGGCTGGTATTTTATCTCAAGGTAACATG,0
GCCACGCCACTCGATATTGCATCCTCGTCAACAACTGTACT,0
TTTTGGACTTTGTGGTCGCAATGCAAATGTTATGATACATT,0
TATAGTTGATTAAGATGCATAAACATTCAAATTCAATGAGC,0
CTCCGCCGCTCAACCACTGTACTACTTGGAACCAGCAACAC,0
TTTAGACCAATATTACTTTCACAAAAAAAAAAAATCGGTAA,0
TATTAAAAGCAAAATAATCGAATGGATATTAAATTTCAAAA,0
TGGAAAGGTACATAGATTCTATCCATCCGCAGATTATTTAT,0
TATCCATCAACACTATCAAAACCCACAAAAGAATAACGAAT,0
TAGTAAGGCTCTCTGTTTTGAGTAACAATAATTTATTTTAT,0
AACGAGACCTCATAAGATCAAAGTATTTCCACCCTTCTTGG,0
AGGCTGTGAGAACTTATTCTAATGAACGGCGCCTTCTTCTT,0
TTTTGTTTTTAGCTACCGTTAATGTTTGTTTTCCGTTAACG,0
GGTTCTCTACGATTTGTATGAACAACAATAAGAGATGTAAA,0
CAGCAATGCCAACCTATACGATGTCCTGCTTTAAACTACCC,0
ATGGCATAATAGGATGGATTAGGTTTGGTAAATTCATGTCA,0
TATACCTTGTAGGATCTATGACATTGTTGAATGATTCAGAT,0
TGATGTTGGTTAGTTTCTTTAAGACAATGAATTAGTGTTTT,0
TGCTGACGTATTTCTCTCTCACCACTCAGCCGCAGGTTTCC,0
CATCATCATCAATCACCATCAGCATCATTGTTTAGGTCATA,0
TACCAATGTATATGATATTCAGTTCATGCAGGATTGGACAG,0
TAACAAAGGGAAAAACTGAAAGACATGTAGAAGTCGAAAAG,0
TATTACAAATGAAAATTGTAAATTAATTAAATATTTACAAG,0
TCAAGGTCCAATAGGTGAGTACCTCTCCAAGGAGGGAACGC,0
CTAGTGACGCTACCGGAAGAAGCAGAGAGAGAAAGAGGACG,0
AGAGAGTTCACAATTATGCCATCATAGCTTCAAGATAAGAA,0
ATAATATTTATTTAACAAAAACTTTATTTTAAAATATTGTT,0
AAAAATTATTTAAATCATCTATTGTTCAGTACACAACAAGA,0
TTTAAAAAAGTAAACTAGTAATGATAGTTTAATGTTATTGT,0
TTAATACATAAATAACTCAAAAGGAAAGTTTGATTAGTCAA,0
AATCAAACAAGCATAAACTCAAGTCAAACCCAAAAATATAC,0
CCCCTTCCCAGATTGGTGTGATTCTCCGTGACTCTCACGGT,0
CACACACACACAAAGTTGTGAATTTGTGAATTTACTTAACT,0
ACCAATACGGTGGAAGAAGAAAAGGAAGAGGAAGGCCGTAC,0
GACCCAATCAAATCCATGCTATAGACCGGATTCATCTCTCC,0
CATGAATTTTATGGAAGTTGAGCCGTTGGAAGATAAATGCT,0
CAATCCGAGCACGCTTTCTCATAGCAAGCTCCGTGATTTCC,0
CATCCTGTTAATATGAACACAGAACTCAACGGCAACACCAC,0
ATGATAAAGTTCTAACAAGAAACGGGTCATCTCGTCTGACC,0
AGGTCTCTGATTTTTCTTATATACAAATATTTATAATTTGT,0
ATTTTAAATTATATCATTGTATTTTAATTGTTAGTTATAGG,0
AGAGAAACAGAAGAAGCTTTAGTTTTATAAATTCGTACTTT,0
TTGCCAAGAGTCAGCTTCTCAAGCACATTATAAATGTTGCT,0
AGTTGAAAGCTAAAATTTGCAGATGCATAATGTGTAGTATT,0
TAGTTACTGAGAGGAAGATGAAACGTATCTCCTGAGAAAAA,0
TTATTATAATAAAATGAATGAAAGTAATAAATAATAACGAT,0
AAATTTTGAGTGGGAAGTGTAGATCTGATGATATGTGCGTG,0
TATGGATTCACATGAGGATTAGTTGGAAAGCTTAATAATTA,0
TCCCAATTTGAAGAGAACAGACACAGTAAAGTCCTATAACC,0
TCTGTTTGTGTTGCTCTTGCATCAAACCAGTCTCAGGATCT,0
GGAAACGTATATAGCGAGCGAGATGAGAGCCTAGTACTTCT,0
TTGAATTTAGGATTCTGGTGAATGCATAGATGCTGTTTCAG,0
AGTTGTATTGCTAAAGTTTCAGTGGACAACATAACAAGAGA,0
CGTATCCTTTAGAAGTATTGATTTAGAGCAATACCATAAAA,0
TTGCGTTTAGGATTTGTGTTATGTTTCTCGCTATATTTATG,0
CTAGTTTTTACAGTCAACTGATGTTGACAAGAAATAGTTAG,0
AGTATTAAATTAAATATTGAAAAGTGTATAAGTTATTATTT,0
CAATAAGAATAATTGCTGCTAAAAACCGCAACACACGTACA,0
CCACATGTCGAATTCATTATATGAAAATGATTATATGCATC,0
CAATGAAATACTGGTTCTCGATGTAGATGAAGTGTTGAGCT,0
TTAACCTTTTAAAAGATTAAAGCTTCGATGGTTTTTGATGT,0
ATGTTCGTAAAAATCGACCTAAATTCTCAACTCAAAGAAAT,0
AGCGAACTTGAAAACAAGTCAATGAAAGAAGTGGATGAAAG,0
CTTATTTCACGAATTATTTTATATATTCGGCATGTATGTGC,0
AAAAGGATTGACTTGTATATATAATTCAAAATGCGTTATTG,0
CTATATATCATGTAGTTATAATTATTATCATGTTAATTATA,0
TCTGTGAGCTTCTGACTTTGATTCCCCAGTTTCTCCAAGAG,0
CCGTTATTACGAACATTTGGAACATCTTCAGGTAACTCTTC,0
GAATTAGGTAAACAACAAAGAGATGTGTTTTGTCTTAACAC,0
ACTGACTACTGAACAAGTATATAAATTTTATGTTTATAATT,0
TTATTAGAAACTAGGCTTTGATTGTTATGACATGTAGCAAC,0
GACATTACTCGAGAATGTCAATTGGACAAGCGACGATATAC,0
TGGTTGATGCATATAGGCCTATTCATTGTTCTTTTGCCACT,0
TCGCCACTCTCTCGCCTGTCACGCGTGTCTCTCACGCTCCA,0
TAACTCTCATTTGATCATTGACAACACATTACTATGATTCG,0
AGGGTTTTAGTGATCATCTGAATATTCATGGCAAACCCTAA,0
TTATATCAACGGATAGTTCCAAACAATTCTGCCACCATTGG,0
TTATTTAGTCGATCAAAAATAATCCCCACAATTAATATATA,0
GTCCCAGGCTTCATCAAGATAACCCGATCTCCCGAGCAGAT,0
CTTTTTCTATATATAGATATACAACTTGGGTCTAAACAATG,0
AAAATACAAAACATTAAACCATATATATTTTTAATCTATTA,0
AGTTGGTCTTACCTTCAACGATGAAGGATAAGATGATGGTA,0
CGCTATAGAAGAAATGTGGTAGATTTGAACCGAAATTAAAT,0
AAATTCCATCGTTGGCTTCGACCTCACTGAAAAATCGTAGT,0
GATGATCTCTATGGTATTCGAAAGCCCTAGTCAGATTTCAA,0
GATTTTGGAAATAACTTATGAAGAGAAAATCTTCATTTGGT,0
CTCTTTTCACAATCAGATTTATGTTTGATACCTCAAATTGT,0
GAAAACGTATCATCCTGTGCAGCTGCAGATGAGGATAAGAT,0
TTAGTGTTTAGAGGTTTGTGATGAACAATCGAGGAAGGTAC,0
TTAGTTTTCCATTTTTGGCCATGATGAAACCATGTGAGATG,0
ATTTATCACATAATCATATTAGTTTTTAAAATTTTTATGTG,0
AACACGGTTTCGTGGAAACTAGAAACTACAATAAGGAGACA,0
TAACTTGGCATCTTGGTTTCACATTTGATCATTTTTCATGT,0
CTTCTTTGTGTAAGGAGGTAAGAAACAAGCGGCATACGGGT,0
AGAATCTTGAATCTCTCTTCATATCGTGAGGCGGTTTGAAG,0
ATATACTGTGCAAGCTTTTCAATGTATTGGCCAGCTCCGCC,0
AGCACATAACAGGTTCTAACATTGGAGGTCATGCTGTTAAA,0
AAATTGGGGAAATTTGACGGAGCCCTAATAATAAGTCTCTC,0
AGGAAGAGTCTAAGAAAAACAATCGCTATGACCGCGTCGAT,0
ATGGAGTTAAAACAAACATGATGCTCAGTTTTTAATCCATT,0
GTATTGTATTGATTTTGAAGATAACTTTGTGTTGATTAAAT,0
CAAACTATGATTCTACTGTTACCTCCTGCTCTTCTGACCAC,0
TGGTTTTAAGAAAATGAGTAAGTTCATCTGTGCTAAGGTTT,0
ATCCTTTCCCGACGCCGACGAGCAACCACCGTCTGAGGATC,0
TACTCGCGGATTCTGTCTTCACTTGAATTGGTGAAAAACAA,0
CAACGAGCTCACCAAGAAACAACCAGCAACATATGCAGTTC,0
ACTATAAAGAGGCAACGTGCATGGAGCACTAAATTGTTAAC,0
TCATGGAATCAATGTTAATCACATCTTACAACCATTTTGCT,0
TCAATGTCTACATTAACGGGAACTTGGCGTATGAAGATTTC,0
CTCTTCGATTATTAAATCATAGTTATGAAAATTTCCATTGT,0
TCATTACACCAAAAAAGTGCACAAGAGAAGAGATTGAAAAA,0
AACAAAAACAAATATTAGATAGAAACATAAACAATATATGT,0
TTCAAATTCAAGAATCTATAATTAACCAAACAAAAGATGAA,0
TAACTTTCGAAGAAAATCAGATTGGCCGACTAGCTATAATT,0
GGAACAAGATCAAGGAAGTGATCATGGGAGGAAGAAAAAGA,0
ATGATGTGACAATCCGATCGAAAAAGAGTTAATCATTTGTC,0
CTCTGAAAGATTGGCTGCTCAAGACATTACCAATTCCATCG,0
CTCTTCCTTTAAGCTTATCCAGCAACAGTTATTCTCATGTA,0
AATATTGTTTTATGCGGCCCAAACGACCATTGAACCCATAA,0
GGACATGTTACCTGTCCAGCACGAATGGCGAAACATAGGTC,0
CCAAACCAAAGAAAAAGTATACGGTACGGTACACAGACTTA,0
TGACCCGCACATACGTGCGGAATTTCATATTTTAAAAAATG,0
CAAACTCAAATATTCGAAAAATTAATTTACGTAATTAGTGT,0
CAAACTTTGTAATATTGTACAAAGAATATTGCTGGCCTTTT,0
ATCCTCTCAGTTAATTCTCTAATTCGCCATGGCGGCTAACA,0
CTTTGTTTTGAGAATAATCCAAAGAAAATCAGGATTGTTTT,0
AAACTCAACCCTAATCCGCTAATAAACTAGGGTTAATTCAT,0
CCCTCTTCAATAATACTTTTACGGGACCCCTCCTAGTCCCA,0
ATCATATGAGACTTGATGTGAACACAGACAGAGATTACGAC,0
CTTGATTCTTGTCCTTCTGCATCTCCCAATGAACTTGAGAG,0
CGCTTGTTCACCTCACACATAAGGCCATTAACATTGAGCCT,0
TATTTGCTTAGAAAAAACTTATATCAGTATACACACCTGGT,0
AGCGCTAAATCTCAGTAGATACTCTTCTCTACACGTCGTGC,0
ATTTTAAATATATAAATAATAATATTTAAAAAAATAATATT,0
TTAACTTTTTAAATATAATTATTTCTATATTTAAACTTAAT,0
ATTCAAACCCATGACTGATTAGTTATTGAGTGAAATCACTG,0
AAACAAAAAAGAGAACGGTGAAGTAAAAAGAAAAAGAAAGA,0
CTCGTCCCCTTGTAGGGAGTATAAAACGATTCTTTCTTTGG,0
TGATGGGCTACTCTCTGGTGATAATAAGGGATGCTTGTGCT,0
TTCTCCTGTGGAGGCTAGCAAAGGCCACGACGTTGTGGTTG,0
CTGGGCATTTGGTGCTGTTGAATCACTATCAGATAGATTCT,0
AAAGAATCAAAACTTGAATGAGTAAATTATTGTGTGAAGTG,0
AAAGCCCACGAAGGTGATAGATAGCTCTCAACATTTCTCTT,0
CACTGCTTTACTTTTCCTTTAAACTGTGACTGCTTTCATTT,0
ATTATTTAAAATATTTACTCATGTTTTTATTTGCTGAGAGT,0
ATCGCAATTTGAAAACGTTCAAATCGTGTTAGGAGGAAGCA,0
CCAAACAAATGACTCCTGGGAAGATTGTGTCCGGCTTGCTC,0
GATCTTTTGTTATTCAGGTTATATCTTATCTACATTGGGAC,0
CGCGGGTTAAAATCTAGTTCAGTGTTTATTAGGAATATGTG,0
TTTGATCGCTTTAATTCGTTATCCCCAAGTTTACAGTAACA,0
GGTATAAACTAGGAGAGCACATCAAATATTTAGAGTGCAAT,0
ATATTTCCTATTTTTTCCTTATCCCAAATAAGAGCTGGGTT,0
GAATATCATTTTCAGACGTTATTAATTATCTGAAATCTGAA,0
ATTTAAACAAATGATTCATAAACATATCATAAATAAGATCA,0
GAGATAGAATTAAACATTCCAGGACAACAAACCAGTAGAGG,0
GTGGTCACCAGATTGCTCGCAGGGTCTGGAAGGATTACTAT,0
TCAAATTTATAGCCGTGTTGAATATCTTATCCAGAATTGAT,0
CTGGTTTAAGATTTGTGGGTAAAGATGATACAGGGAAACGT,0
TTGGACTTTGTATAGGTGATAAAACAATTTATGAATTATTG,0
TGCTAGATTCATCTAAAGCTACAAGAGATCCATCAGCAAGC,0
ATTCTTATCTCTCGGTTGTGAAGGTAAACTTGGAAAGTGAA,0
CTAGTGATCCGAGTACTCAAAAATCACAATCCGACCTTTAT,0
AAGGGTCATCAAGTTCCCCTAGAGGCATGAAATCCGCAAAG,0
ATTCGTGTCAAAGTTACAGGACTTTCGACTCCTACAGTATA,0
AAGTAAAAATCATTATTGCCACCGTTTGCTCTGTTATTGGT,0
GAAGAGAAGACTCCTTCGTTAGCAGAACAGACTCGGTTATA,0
AGAGAAGCCATCATCGTTCGATAATTTGATCCGTTAACCAA,0
GTCTCTTTGTGAGACACACAAGAGTATCAGGACGCTCGTGA,0
TACATATCACCAATAACCCGAACAATTGTCATATTTCCTTT,0
TCAAAACTAATAGAACAAACACGTTTCTTAAATCCAGTAAA,0
TTTCAGGTTAAAAGACGAAGAGAGTTTTATCATTTCTCAGA,0
AATAATAATAATATTTCCTCATAGTTTTAATGTAATATGAA,0
ATTTGCTCCCCACCAAGAACAAGATTCTCAGCGTCTTTGTC,0
ACCCTATGATTAGAGAAGCCAAATACAAATAAGAACATCAT,0
TCACACACCATGCAACATTGAATATACTGCGACATTGAATA,0
TTAAAGAGAAAACGAGATTTAATCGTTATTAAGAAGAAACT,0
TATATGCTTTCAAATTCTGCACTCTCGGTCGATGCTGTACC,0
AAGAGGCTCTAAGAATAAAGACAGAATAATCATAAGCTGGT,0
GTCCACAATACAAAGACGTGAACGATAAATTAGACTCGACG,0
GAATAGTCCCAGTGTTGGCTATGGGATTACAACTGAGAGGG,0
CAGAACCCTAAATTTTCTTCAATTCCAAAACCCTAATTTTT,0
ACTCATCAAACAAATAAAATACTTCTGGTTACCATAATCTA,0
AAAATAGAATAAACATAACAATAACGTACCATAATGATGAC,0
GGTCCCATGAAATCGAGCTGAGGTTTTACATGAGCATGTTG,0
AAAAGTTAAGAATAATATATATGCTATTTTTTTTAATCTAT,0
TAGTTTGTGGAAGCGAGTCTACAAATGCATGCAAAGAGCTC,0
CAATACACCGTTACTTCCCCAAATCTTTCTCGACAAGTCAA,0
TTACTTCATTTGGGTAGAAAAGCAGATTATAGTTCTCTTTT,0
TCACCTCCTACTAATTCTGCATGCTAGAGTTTAATTGTTTA,0
ATGTCTGCTTACTTACTACCAAACTTGAGCTGGAAGGTTTA,0
TTCTGTTATCGTTTATTAATATGATGTCTTTCTTAACTCTT,0
AGTTAGGCAAAGTGCATTTCACCATTACTGTTCCGGTCATA,0
TTTCCAGCTTGGATTGGTCCAGCTAATTTCTCAGCACTGCT,0
AGACATTCTTTAAAGACTACATGGGAGTTCCTTTGGTGATG,0
AAAGAAAACAAAGAAACAGTAGATGATCATTAACCTCAATA,0
TTAAGAATATGATTACAAAGATAATAGTAAAGACAGAGACT,0
ACCACCATCGTTGCCGCCGCATTCGATCGATCACTAATCAC,0
GAAAATCTGGATATTTACCCAAAAAATCTGGATATTTACCC,0
GTTGGTCTTTCGTTCCTTGGACCAGAGTTCAAGGCAGCTAA,0
GAAAAAAGATAGCTAGCTACACGAATTATACGAGAATACAT,0
AGAAAGTTAAGTTTGAGCTGAAAGTAACCACATTTTGAAGA,0
TAAATCTTTTTAAACGGATTAAATTTTCTTAAAACAAAGCT,0
ATACACAAGAGCCTGCACTGATCTTTGTCATCTTCCCCTCA,0
TGGGAGCATCTTTTTGGCTGATCTTTTATCTTGGGGGAAAA,0
GTTTGCATCGGACCATTTTTAAAAATATATTTAGAAAATTT,0
CTGATTTGGGAAGAAGAAACAAGTTGCGTCCTTAAGTTCTG,0
TGTGTATAGAGGTGTTCTTGAGGATAAATCAATGGTGGCTA,0
TATGAAATCGATTGTACCATATATATCGCATTCTCGATAAA,0
TTTATCTCTTTAAGAAGAAAAAAAAAGTTAAACATTTTCTC,0
AACAAAATAATCTAAAATCTAAAGATTGAGAGATTTTTAAC,0
GACGAAGGTGAAGAAGAGAAACCCGACCCGAATAAACCTTA,0
GCATAATCATCCACAATCTGATAAATTGTTATGTAGAATGA,0
GACTGGGAAGACAATGATTTATCACTTAACCAACTGTTCAT,0
TATCATATCTCAAAATGCCAAATTATATATTTTCTTCCGTT,0
CGCGATATCATAGTTTTTAAAACATTAAACAAATAATTATA,0
CATGACAGCAATCCTTTCTCAAGCAATTCTATGATTCTGTG,0
GAACATTACCGGGTTCTTCTACATTCGTGGCTGTGAAACGC,0
TGAAAATAAAAAGTATTTTCAGCCAAATTATACACCAATTA,0
GTCGACCAGATTTTCCGCCGATACGGCCGTGATTTGGATCT,0
AATCTCTCAAACACGGTTCCACATGAATTCTCTTCTGGTTT,0
ATGATCCGGATGGCAAAGGCATCTATAAACACCGTTCAGGC,0
ATAGATATGACACATGTGTGATCATGTGAGTTATCAATTTT,0
ATCTAGTTTAAAAAGAGCCAAAACAATATCATCAAACCCTA,0
AAGCGGAACTCTGCCAGTACAAGATCAATCTTTTTATCTTT,0
CAATTTTGATGGGTCTGTGTACATAGGCTCGTTTAGCAAAC,0
TATAGAGCTAAAGAATCAGTATGAAGTTTACCAAGTAAAGC,0
ATACGAAATCGATATATGGAAAACAGCAACAAAGAATAAAA,0
CTTGGCTTTGAAGAAATCTCAATTTTCTTCTTCTTCTTCTT,0
TCATTGCTTAATTCAGTAAGAAAGGTTTGTGCAGTTAGCGT,0
AAAGCCCTGCAAAACGACCCAGATTTTGGTCAATATTTGCA,0
AAAGGGGTGGATGTGAGAGCAGAGGAGTTCATTGCTAAGTT,0
ACAAAATAACTATCGTCATTAGCCACTGATTGTAATATTGT,0
GCTGGTTATCCAACCACTTTAAACATTCAGACTCTTCGGTT,0
ATAAAAACATTCTGTTTTTGATCTTGTAAGGTGTGTTTTTT,0
GTCCGTCGACCCGGGATTGCAGGTAATTCAGTCAGTCTATG,0
AGTTTTTGGTTAGTCAAACAACCGGGTTATCAGGACAAAAT,0
GAACTGGATGAAAGATGTCTATGAAGAGGTTGAGAAAAAAA,0
CACATCCTCCTCTTGTTGAAAGGCTTCGAGCCATTGATGGA,0
TGCGCTCTAGGATTAGTTGCATGTTAGGTAGAAATGAATGA,0
GTTTGTATAGTATTAATTGTATATTTTGGTACAATTCTGGT,0
GTTAAAAGTAAGGAATTTTGAAAATTATTTTATACTTTTTC,0
TACAATCATCATACCTGTAGAACAACAGAGTTGATGACATC,0
CCAGTTCTTGTAGAATCTGTAGACTCTTGTAGGTTTTAAGT,0
TAGGGTTTGGTTTCCCCTTTATCTTATTTCGTATGGATCGG,0
TTATTGGTCAAAGATGCAATATACCAATGTATATGATATTC,0
GGTTTTGCCACCTTCATTTGATAGTGATAACTCAGCTTACC,0
CTTGGACGTTACTGTTTATGAACATCATAATCATTGGCTCT,0
CCATTGGAAACTTTTCACTTATATACAATTGGGCCTTTGAT,0
ATATAATGGATCTACAAAGTATGTATTATCTTTTTCAAATA,0
AGTTCTTCGAAGCATCAACGAAGTAAGACGTAAGGTCAGTC,0
GGTGCTTGCCAAGACCTCCGAGATGGCATACCAGAACGCCT,0
CCTATTTATAATAACTTCTGACCATCTCCAAGGAAAACAGT,0
TTCAGCATACGAAGCTTCTCATCATTTTCATCCACCACTCT,0
TAGCAAATCATAAGGATACTAATTTGCCCGTTTGATATATA,0
CACACTGTGTGACACATCACACATGGCTACGTGAAAGATTC,0
ACAAAGATGTTGGTGTCCGCAAGGGTAGAGAAACAAAAGCG,0
GGTTTTAGGTATACGGCGTTAAAGAAGCCGGTCCGGCCACC,0
TTTATACTATTATTCTATTAACATGTTAATTAATATAACTA,0
TTCTGTTTTTGCTATTGGGGAACTAGCTCTTAGCAAATTTC,0
GATGCTCGATATATTCGGAGACACCGTCACCACATGTCTTG,0
AGCTGTCAACAAAACATTCAACAAGTCTTAAGCAAGCCATT,0
CAAAAAGAACAAGAACTGTTATAAAACATATTTTCAATAAA,0
TTAACCATTTTTGACTTTCTATTTAACATTAGAATTTTTTT,0
CTTCTTCAGAACCTTCAGGGACAGGTGAAGGAGGATTAGCA,0
ATCTCGTTGAATGGAGCGCCAAGGTTGATTGTTGCTGATAC,0
TGATGTGAGCTATACGTCAAAGGCTTATGAGAATCTGGAAA,0
CCGGTGTGTCGAAGGGTTTGATCACCATTGTAGGGTAAGGT,0
AATATCGTGTTATATTATACAATGTCTCTGTTTCAACATTG,0
AATGGATGAAAGGATAGATCATACTTACGTTTGATTCTTGA,0
CAGAGATTTCTTCTTCCTTGAAGATCTGAAAAATCAAAGTT,0
GTTAGTCTTCGTTTCTTGTCAGAATATTCGTGAATCGTCAA,0
GTTATCTAAATTGTCGGCTAAATTAAGGAATTGGCTTCTGT,0
TTAGAAGAACTAGTCGATTCAAGACTTGAAGGAAAATACCC,0
TAGGTAATATGTTACTTTTGAGTGGAGTAATTCATACCCTT,0
TAAAAAACCGAAAATTTGGCATCAGATTATGCTAAAAGGGT,0
CTTCCACCGGCCCTTCTTTCAAGATTCGATCTGCTGTGGTT,0
TTGTCTCACAGATTTTTAATACTAAAAAAAAGTGGAATATA,0
GATGGGCTACATATATATACACGTTGTTACGAATGCGGCTT,0
ATAGAACCATTTGTTTGTCTATCCATTTTTGGAAATCAGCT,0
TAGATAATACAAGGTTTTGCAGAGTAAGGTCACAGTTAGCT,0
CGAGGGTGGACCTTTGTTTCAGCTGTTAAATTCCACAGTAT,0
TCTCTAAAGGATCCTTGTCGACTTTACTTTCAGTCTTCTGG,0
TACTGTGTTGAGAGCCTTACAGAGATGATGATTATTAGGAT,0
ACAACCAGCAAAATTTTCAGAAAAATGTTCTTAAATTATAA,0
TCAACATCAGAAAAGACCCGACATCATCAGTGTCACCTTAC,0
TGTCTTATGCTACAATACACAGGAAGATGTTACACCTGAGA,0
ACCAAAGAGGCTTGATATATAAATCGTTAATTTTGGAACTA,0
CACCTAAAGCTCCTTCCTTTACTTTTCTTCTTATTACCATC,0
ACACAATTGGAAAGTGAATCAAATCAATTTATTATCTCACG,0
CATTTGGTGTATTCACTAATATCAAATAAATGACGTCATTT,0
CCTTGGCCTTAAACCTCTCAAGAGAAAAAGGAAAGCTTGTG,0
TGATTTTTTTAAAAAAAATCATATGGAAATGAGTCAAGAAA,0
TTATCCACTAAAATTTAACAATATAATAACAATAAACTTTT,0
AGATTGGAATACTAATATTGAAGAGAAAGGTGATAATTCCA,0
ATTTGACGACAAAGATCCCTAGCAGTAGTAGTGGTAGTTGT,0
GTGAATAACCTAACAAACAGATTCTTCTTTAGCGTTTCATC,0
AACACTTCTTGCCTTTGTGCAATGGTAAGTAAATTAAATTG,0
CTCCACGGTGTAAAGCGCAGACCAATTCTTGAAATAACGAT,0
CTTGGGTTTACCAATTCAGCATAGCTAAGTTGGAGGGAATC,0
TTAAAGTCTTCTCTTTTTGCAGAGAATCAAGCAGATGATAG,0
TTGAATCACTCACAAAGATAAAAGAGAGTTGTATTTGTAGG,0
TAAAAACAATAAAACATACGACCAATCGACCATTGACATAA,0
TGTTTGGTTTAAACAAAAGGAAAATTTTCTTGCTTTCTCTT,0
AAGAACACAACATCCTTTTGAGAAAAAGGTGTAATCCATAT,0
AAACTCAGTGCTACTCCGCTATCCCCACCGTCATCTCCGAT,0
CTGGATTATGCAGAAGGTTCAATTTTTACTTTTTATACATT,0
CCGTTGCTGAGCCAAAAGCCATAGAAGACGTAAATCTCTTC,0
GTTTGCATGCCAAATCTACAAAGTTCAAACAGCCATCTTTA,0
GCCTCTGGGGAAACTAAATGAACCTTATTTGGTAAAGGATA,0
GATGCTGCAAGAGGACTTGCATACCTTCATGAAGACTCGCA,0
GTAATGACTAATGATGATTGATTTTGATTATTTTTTTGCAG,0
TTTATAAAAATTTATCACATAATCATATTAGTTTTTAAAAT,0
TGGAGATGGTTCTCTCGGTGAAGCACCAAGACGCGGAGAAG,0
TCCTTTTTGAATGTCTCTCTACTCAAAACTCATAACCAGAG,0
TATTTATTGTGCTTTGTTGCAGCTCTCAGGAAAAGAAGGGT,0
AAGTTTTTCACTTTGTTCGCAGCCGTTGATGTTGAATGATC,0
TTAAATTGAATATAATGTGAATTTTTTTTTTGTCTATTGGT,0
CTTATCAAAAACGTAGAATGAAATCGAATTCTCATAAACAA,0
TGACACCAATACCTGACTGCATGCCATGCAGAGAACTGCCA,0
TAGAAATATATACTATTAGCATGCCCCCGCATAGTTTATAA,0
CTTTATGAAACAGACCAGCGAACCATTTTGATCTCACTATC,0
TCTCATCAAACAAATTAGCAAACCCTTTTGATTCATTGACT,0
GGAGTTAACGTTGCTCGGTTAGCTGGTAAGAACACTGAATT,0
GATGAATCTTCAGCTAGACGAACTTGGACTGATTTAATTCC,0
GCCAATTCGCCATGGAGGTTAACGGTGGATCTTCCTAGATT,0
GCTCGGGTGAAGGATCTTCGAAGTCACTACTCAAATAAAGA,0
ATTAGTGTTGTTTTTTTGTTACCATAAAAATTCAATCTCGC,0
TCTCTCCGTTCTTTCTTTCGAAGTCAGAAACTTTGCCGCCA,0
GGAAAAGAGTCAAGTGGCCAAAACCGTTCCTTGAGAATGGA,0
TGTTATTGTCGATGTTCTTGAATATTTCAATGTGCTCAAAC,0
AGTCAACATGCAGTGTAAATAAGAAGGTAAGACAAAAGGCT,0
TAAACTACTATCGCGCCCTGAACCTGTAAGTCTTATGAATT,0
CAATCACAAGCTTTGGCAGAAGTAAGAACACTAGGTTACAA,0
AATAGAACAAATAATTTCTCAAATGTTGGCCATCTCCAGTT,0
ATTTTGTTCCGAGTTTAGGGATTTCAGATTTGGATATGAGT,0
AAGACAACTGTTGGAGGGTCAGTGACATTCTTGGGAGAGAA,0
ACAACCGCTGGCGCAGTATTATCGTCTTTCTCTTCCAGATC,0
TTGATCAACTAATTTTTTTTAGTTAAGTTCTAATTGGAAAA,0
TGGGCCACCCCAACGTTGGCAGCTGAACCGTAAAACCCTTC,0
TAGAATTAATTTACTCTTTAAAATTTTATTTCTAATGGCAT,0
TTAAACTTCAGCTGATTAGGATTAGAATATTCCTTGGAGGA,0
CCTTTTGATAAAGCGACATAATCTTCGCACTCAGAACCCGA,0
CAAATAATCATTTGAGTGCTAATTATGTGTAAACAACTTTT,0
CATGTGCTTGTGTCATTTTTATGTACCTTTGATCACACACA,0
AAATGTCAAGAGATTTAAGGATACAGTGATGGCAATGCCCT,0
AAACATTGAACCTACATATCAAAACTAATAGAACAAACACG,0
AACATTTGTTTATTTAATGTAGTGACATTTATATAGTTAGG,0
AAGGCCAGAACCTTTGGTGTAGCCATGAGCAACGGTGTTAG,0
AGCAGAGAGGACGAGTCCATACCCCAGTTGTATTACCATCA,0
CTACTTTGCTTCTTTTTAAGAGTTTGTTGCAACGGTTGACT,0
GATTTTCCAGTGTAGTTTTTATCAGAACACAATAAATGATT,0
ATCAATCTGATCTTGAAACGAGAGACATTGAAAATGGATAC,0
GAGGTTCTAAGAATCTAATTACAAAGTGAAAAAGACAGAAT,0
CTCATGAAAGGGAAACAGCGAAGTAAAAGGAACATAAGCAC,0
AAATGGATAGTCTTTTCTTCATGGTCTACTTGCAGTCTCTT,0
ATCAGAGTCCATGGTCGTATAACTTGAGATTGGGAAGAAAA,0
AAAACCAAGTCAACAACACTATGAAAACTATACCTCCCAAC,0
TTTCTTTGGTGGCGATGATAAATAAACCTAATCTCCAGAAA,0
ACAGTTGTTAATAATCTTTCATAACTTTATGCAAAAGACCA,0
AAAAATAATGTTCCTTCTTCAACAAGAAACCTTCTCATAGC,0
AATAGATAAATAATACTCCAAGTTAGGGAGAGGGGGAGGTC,0
GGACTATATGCATGTTTACGAAAAGAAGAAGAAAATCATTA,0
ATTTTGGATGATGTGTGGTTATACTTTTGACTTGTTTCATC,0
ACATCATCTTCATCTCCAGCAACACGTACGTCGACACACAT,0
TGTGACTTGCATATATTACTATAGATACCATTACATTTTGG,0
AAGTTCTACCCATTGCTCCCATTCTTTAGGCGTATTGTACC,0
TGTATGAATTCCTCAACATCAAATTGAGTATACCCATCTCG,0
AATATATTATTAATTATTGTAGTATATAAGATTATAAATTT,0
GCAGAATTTATTTTTGTTCTATATCGCAATATCAAATGAAC,0
TATTCCGCCATGAACTGAAAAGTAAACGTATCAAGAAGATT,0
GGTGATCCTGATCTTTCTACAACAGCGAAAGCTCTTAAAGT,0
TATGGGCACTGCTGGTTTTGAGGTGAGAAGAGTAGGCAGCT,0
CGGCCTTGTTTCTCTCTTTTAACGTATTCCAAGTAGTTAGT,0
CTATACAAAAGAATGAGCTCATCAACGAAGAGCAAAAGCAC,0
GTACAGACAAATAGTGTCGGATAAATGAGGGATAGATTCAC,0
TAACCAGAAATTCCTTTGTTACCTGCATCCTTAAATCTACT,0
CCTCCTCCTTTCATATGATTAACATTCAATGCAAAATTCTT,0
ACAGAATAATTACGTTTTAGAATATGAATAAATAAGAGATA,0
AAACTTATTCATTTCCACATATGTACATGACTTATTCAAAA,0
AACGCACCACTTGTGGTTGCATGCACATTTATTTCCATAAC,0
CTAAAATTGGGTTTTTCGCGACCCATACGTGGCATCTTTTT,0
AAAATCATCAGCAGAAACGGATCCAGCAGCAACTCCAACAG,0
ACTCACCATTAACACTTCTTAACAGCTCTCCTAACAGCGTA,0
CTCCGGCCAAATCCCCGGCGATGACTGCCCTTACCGACCAA,0
AATAACAATCAATGCTATATAACAATCAATCAAGTACATAT,0
TTGGAACCATATATCTTTAGAAAAGGATCGTTGAGCAATTA,0
ACGTCAAGTTTAATGCTTCCATGTTAGAAGACGTGCTCTCA,0
TTGGACTCCGTTTCCGAGCCACGGCTGACGCGGTTCATGGT,0
TAGAGAGATCATACGCTGGTAGTTCCTCGAATGTACCACCT,0
AACTTATTATCACATAAAGGATAGTGTGATAAGTGGTTGGA,0
CTCTCCATCTGGTCCTTTTTAAAATTTCGACGTTCAAGTTT,0
ACCAATCATAAACATCATAAAATACTATATTATGTTTTTAT,0
TATTTAATACATATACACATAGTTTTATAAACTTAACAATC,0
ATCCACCTCTCCAAACACAAATATAATTCACTGTACAGATA,0
ATGCTGTTATTAGGTGTGACATAAACAAAAATTTAAGAGGC,0
AACAGAAAAGAATTTGGTGTACTTGTCAATTTACAATGTGT,0
TTTTAAATTAAAGTATTATTAAGAATAAATAACAAAATAAT,0
CACTCTTGAATAAGATCTTAAGTATGATGTAATTGTTCGTC,0
GCCTCTTTTGTTTGTTTTTTACTTTTACAGTGGGTTTTGCC,0
TTTTCCTTCTAAGACACCATACGAACTAATTTTTATCAAAA,0
AGCAAATGGGCGCATTATATATGTAATGCGTATGGACCATT,0
AAAACTAAAGGTGGAATCGTAAACAAAAGAAAGAATCACAT,0
GCAAAAAAAGCTCCAAAGTCACCAAGAGCATCGCGATAGTA,0
GGTAACAGAATAGCAGTAGCAATTTCATACCACCCATCAGT,0
ACACAACAGCCGCATTGCCGAATATGAAATCGATTGTACCA,0
ACAAAAAATCAAGGGTAAGGAAAATTATATTATTTTCTTAA,0
TTGGGCATGATACCTTTGTAAACACTCCCGAACCCGCCTGA,0
TGCCATTTGTAACGGTGAAGATTTAGGACCATTTGTTCGGA,0
GAGTGAAGAAGATGATGTGGAGTTGGTTGATGAGAATGAAA,0
GATAACAAGTAACAACATGCATCATATTAGAAAAATAATAT,0
TTTGGTAATAAATAACTGAAAACAAAAATGAGATTGAGGAA,0
CTGTTTCTGGAGTAGACTATAATCAATATTTCGGTGGTGGA,0
ACACGTCTTGATAATTGAAGAGCTTACCATTAATCTATATA,0
AGTGACAAAAAAGGCTCTCTATAAAGCATGCATGGTCTTCC,0
TTCTCCTTAGCAAGCTCGTTAAAACCGTACTTTTGACGGCG,0
CCAATCAAAGGTCTCCTCGCAGTAACTCATCATTAGACCCC,0
AACGAGTATAACCCGAGTGGAAGGTACATTACAACAGAGCT,0
GGCAGTGATGATTAAAAACTACCTATTTTATGAGTAATTCT,0
AAATTTTGGACCCTTATTGCAAAAATATCAAAAAATTTAGA,0
TGAAGAAGTTCACGATAGCTAGGTATTATACAAGTTTAATT,0
TGTATTTGGTTGACTTTGATAAAATGTCAAAGGCTTTGAAT,0
GAGGAAGGACAATCGTTCCCAAAAAAACCTCTCTTCTCTCT,0
AAGAATGAAAACAAAAAAGGAATGAATAAGAGGATCAGGAT,0
CTAGCAGCCCAAGCATTAGCACGTTTGTGTTTGTGTACACC,0
CCAAAGCAAGCAAGCAAGAGAATAATACAACATTCATCTCC,0
GGTGATAATACTCGTTTCGCATTCGATAATGTGGGTGTTAA,0
TATATCAGAAAAAACGTTGCAGAACGCTTGCAAATCCATCG,0
GGTAGAATCTGAGAAGGAAAACAATTTGTAGAACGGTACGG,0
CTTCAAAGATTATAGTTGCCAGGTACATCTTGCTTGCCCCT,0
AAAACAGTATATAAAGTTGTAATCATTATCATCAGAAATAA,0
CTAAGCAGCCTCAATTTTTGAAATCCATAGACGAATTAGCT,0
AATTATTTCAGTTATTGACCAATCATATAGAACCAGAACCA,0
ATTATGGTCCAAAATTAAGTAAATACATACAAGTTATACGT,0
CTATTGACTTCTTTTCACCTAACCTGTATACATCAAGAAAA,0
TAATAATTTTAGTTGTACGTAATTTATAGCCAATGAAATCT,0
AGGGATTTGAACGGTTTGGGATTCCATCCAAGAGGGGAAGA,0
ACGCATGAAAGTGTTTGACCAGAGACAAAGTGTATTAGAAA,0
TGACTTCCAACATCAATCGTAATGACTTCATCCTTAAGCTA,0
GAAAAGAGAGTAACCAAGCTATTTTTACACTTATGCTAACA,0
TTGTCTATCAGATTTTTTTTAAATTATTTTTATGGTTTTTA,0
CGTTTTCGATTAACAACGAAACCAAAGTGGCAACTGGAAGG,0
GATACTCCTTCACATCCACGAAAAAGTTCTTCAATGTCAAT,0
ACCATCAACTTCATTTGAATATGTTAAGAGAAACTAAGACA,0
TCGGAAGGGCTAAGTTGATAAGACGATCCAAGAAGGAGTAC,0
CCCTTCGGTTCAATCTAGTAAGAGGTTCTGCAGAAGAATCT,0
TCTTTCTTCACAGGAGATTCAACGTTCATACCATCAGATCC,0
CACCCATTTGTATTTTGATCAAAGGTATATAATAAAATCCT,0
GCTTACCTGGAATCTGTGCCAGTCCTGAGATACAATAGAAA,0
GAGATTGCTTAACATGTCTGATTTCAGAGATGCGAGTCAGT,0
TTGTAATTTTTTTTTTCTTTATCTATAATAATATAAAAACA,0
AATGTATATATCATCCCTTGACCTTTATATTTTTAAGAAGT,0
ATCACTCCACTATTTACCAAATGGTTTTGGTGGTACTAAAC,0
TTTTGATTTGGAGATAACACATGTTTATGTTTTGGTTTTGC,0
TGTTTAGGTTTGTTCTTTTTACGCAGTTTTCCAAAAGTAAA,0
GCAGCTAAAGGAACTCTTTCAGAGGCATGGAGAAGTGACCA,0
TTTTTTCTTAATAAATAATTAGTGTTTAATTCAAATTATAT,0
CTAAATCTTCTACTAAATTGAAGTTTTTTGTTTGTTTTCAT,0
ACTTCAAAATTAATTTGATTAGTTTGCTTAACTAACAGAAA,0
AGAAAATGACAAAGAATTTGAATTGCTAGTGGCAAGGGTCA,0
AAGCTCACAAGTGGTGGGCCACAAGGTGATAAAGAATTCCA,0
ATGACGACAACCATATTGATATTGAGACAGCAGATGATGAT,0
TAGATCAGGCATTGGATAGCACAAAGGGTGATCAAGGTGGA,0
TCTATTAAGCGTCTTTCGTTATGCTTGGGAGTCTACACCGA,0
GCTTGGTGAGGATGTCAGCCACTTGATCCTCAGTTGGAACG,0
GTTTCATACATGCCTCCCCGAAATGGTTCTTGACCTGGTCT,0
TTTCAGGGCTCATGCCGGGAAGCACACTCAAGAGTGCGAGC,0
AAGAGGACTTTGAATTGTCGATGTAGTTGGAGGAAACGGAA,0
CTTCATAACTTAAGCTCGTCAGGCCAACAAGCCTAATCCTC,0
AAAGAATCAATTCAAGATCGATCGTTTTTGTGTGTTTCTTC,0
AAGCTGGCCATAAATCACCCACGAGTGAGTTAAACACTAAA,0
TTGGTTTATGAGTTTGATTTATTGGAATATATGATCTTATC,0
TAAACATGTATATCAAAATCAGAATTGGTAAGTTTCATGTC,0
AAATTTTTGGATACCAGACGACATGTCAGTGTCTAACAAGT,0
AATGACTCACGATTTTAATCAGAGAGTACACTGAATTGGGA,0
TTCGGATAAGGTTGGAGCTGATGATTTATCTGACTCCGAGA,0
ATTATACGAACGGTTCAATGATTGATGCTCATCTACTATAA,0
GTTTTTCATTAAGTAATGAAACATGTTGCTCTAGATTACCA,0
AGGGTTTGAATAAGGTTTTGAGATCGCTCTAATGGGAAAGT,0
GAGGTCGGAGTTTCCTTAACAACCACTTCTTGCGTAGTTTC,0
CTTAGCACATGTTAATTGGGAAAGAAATGCAGCTGCGGACA,0
ATGTGAATCATAAGGATTCAAACTTGCATTTCCATAGACAC,0
TGTATAAAATTAGTGAAAAGATGTGAAGATTTTGTATCCTT,0
AAATTGTGCAAAGAACTCTTAAGAAACCAGAAATTGAATGC,0
TTTAGGTCATGACATTAATGACTAATCATAATAAGTACAAT,0
TCGAATATTGAGTAAACATGATTCCCTGACCCAAATATAGA,0
AGTTCAAAAACCCTAGATTTAGTGAGCCCATCAAAACATTT,0
GTGTCATATACGACAAAAGTAAAATTAAAGTTTGCAAAAAA,0
CTATCAATCATAATATTCTGAATCATATTGGAACTTACTCG,0
CCTCCTAAGCCACCCATGTGACTTCCTTCTTCTCCGGAACC,0
ACCTAAGACCTGACGGTTTTATGGGCAACATACAAAAAAAC,0
TTCACCGGAATTCCGAGTGCATCCAATCTCGCTTTGTTCTC,0
AATCTGCTAGCATCTGTGTTAAGTATCCTCTCCCAGCGCCA,0
ACTCCATCTTACGTGACCGGAAACTACCCGGTCCGGTTTGG,0
TCAGATTCTAATTTAAAACCAATGGGTAATGATTGGATTGG,0
CGCTTGGAAGCGGAAGAGCTACGTCTCGTCTCAACCATATC,0
CAATTCTTATGTAATTTTCTAAAATTTCCTTGTTTAGATCT,0
TCAATATGTTTAAATTCTGTAATACAAGAACAATATAAACA,0
ATAAGAACATATGAAGCTACATCAGATTTTCCTTGTTGAGT,0
GACATGTGTGAGAAACGTTTATTAAAATCTTTCCCTTTCTC,0
GTTTTAGGCACTGGACCCCCATTGCACTTGATACAATTTAA,0
TTAAAGAAGGTACCGTACACACACACACACACCAACGTAAA,0
AAAGAATCTTCAGAACCTGAACCTTGCTTTGTGAGTGTTTC,0
GCTATGTGACTACTCGTGTGATGGGTACGTTTGGGTATGTG,0
AAGAAATAAACCTTGTTTTTAACTTGTTCCATAATCCAATC,0
ATAATACAATAACAAAAAAAATATCAACTAAAAGCATGAAA,0
TATAATATAACTAGATAAGGACCCGTCTGATGGACGGGTTT,0
TCAATCCCAACGATTAAACCAGCAGACGAGTAACCATATGT,0
CATCCCCAAAACCTGAAACCAAACAACCGATGGGTTCAATA,0
TCTGAAACTTTGTTGGAGGCACCTTTAAAGATGGATTTAAG,0
CATCATATGTTTGGGACAAGAAATTACGTTGCAATTTTTCA,0
GAGACACGGTTTGAAGTTCCACAGCCAAATTATTTAGCTCC,0
CAGTTTGGATTAGGAACTGGAGGTGGTCTTCTTTGGTACCC,0
CGTCAATTCTAGGATTTTCTAGCTTGTATTAAAAATTGAAT,0
GCCAAATCCAGCCCGGCTCGACACAGCACTGCTCGGCTCAA,0
TCAATGGAATCAATGGCTTCAGATCCCGAACTTGACATGGA,0
TTGGCGATATATTAATTTACAATCCTTTGCTAAAAACAAAA,0
GAATGCGAGAATGTATAGAGAGTATCGACAAACTCGATTCT,0
TACCGTAGAGTAAAACAGAAAACGAACTCACAAAGAAAATC,0
ATGGCAACAAATGTACTTTCATCGAATTATCATTCAAATAC,0
AAACGAACACAATACTTGAGAATTGTGTATTTTTTTTTTCT,0
GAGATGTCTGAAACTTCGAGAACAAGACGCCCTTCACTGGA,0
AAGATGATTAATTTTTTGTTACTCGATCTTAAATATATGAC,0
ATGGATTCTGCATCTGCCTCAGATAAAACCCACCCCTAGAT,0
TGTGTTACATTTTTGTAGTTACCGGATTGAGCAAGAGCTTG,0
TAAAGATGTTTTTTTGTTGTAAATTAATGATTGTGTAACTA,0
ACCAAGTACACAAGGATTTTATCATGGGATTATCGTGTTTG,0
TCGAGATGATATTACAATAAATTTATGAAATAATTATAGGT,0
ACCGAGATGATCCAACTCCGAATTCCCTTTCTTACTTACAA,0
AGGCCCAATAATATATTCTGAAAAGCCCATAGTAATATTCA,0
GAATGGTTAAGTGGATCCCGAGCATCTCGTAAGTGTAACGG,0
GCATGGTACACACTCTCTTTAGTCTCTGTAACAGTCTTCTC,0
CTTTTTGGTAAGGACATACTACAAAAATAAAAATTAAAAAT,0
TACATTAATCTATTTACTTTAGTTGTATGTTCTCGACTCAC,0
TTATAGGCCTATGTTAAACGACATCGTCTATTCTAGGGTTT,0
ATCATTATATATTTGTATCTATCTTGTTGTGTGGAAATGGA,0
CATGGTTAGATAAAACCTACAAGTACCTTGTTATTTAGCAC,0
ATTTAAGAGAGAACCATTGGAGTAGAGCCTTACAAGACAAT,0
TTATCATGTAAAAAGCAAGTAATTTGTCGGAATCCATTAAA,0
CTGAAGCTTCAATTTGGTTGAGGTGTTATAGGATTGTTTCA,0
AAAAGTGTTGCATTGATGTAAAAAGTGGATGCCCATTAGTT,0
ATAATAACGGTAATTTAAATACAAAACCAATTTTTTATTTT,0
GATGTACAGATGAGTAAACTAGTAAATTAAATATAGAAGAG,0
CTTGATTCTTCACAAAACAAAGGCTTATAGACACTTACTCT,0
TTTCTGAAAGATATTTTCTTAGCCTGTCAGGAAAAAAAAAA,0
TTCTCGATCTTTCCACAAGGACGATATTTGGTGGGCATGTC,0
AGAGCAAACGTAGTTATCGGAGGATCCAAGTCTCTTCAAGA,0
TACGTCGTATCATATTGATCACAATGGATTACAAACATAAA,0
TTTTAGGGCTAAAGTCAAGTAGGGTTTCTTCTTCATATGCT,0
TTCGCTCAAGTTTCATGGTCATGCTACAGAAAAGTTCGCAG,0
TTTAAGGATACAGTGATGGCAATGCCCTCGTCTTCAAGGAT,0
AAAATAAAAAGATAAAGACAAACAAAATAAAGTAAAAATGG,0
AGATACGAGATTTTTTGGTTAATTACATTTGGATGAAACAA,0
ACGGAAGTTCAAGTTCAAACACTAACGAGAGAAAGACAAAC,0
AAAAGGTGAACCATTTATCGAAGAAAAAACCGAGTTGGTTT,0
TATGGCTTACGAGAACATCTAGAATCCGATTCAGATGTTTT,0
AGTATTTTTTTATAAATTAAAATATAATCTAATGTTTTATG,0
GTGGATTTGGTTCTCGTCGTATTCTGCATGCTCCACCCACG,0
ATCATAAGAGACGAAGCTGCAAGATCAAAAAAGACCCATGT,0
TATTATAACCGAAAGTTGCAATGAAGAGACACAACCGAGGA,0
TAATTATTATTACAAATCGCATTTACAACATATAACTAAAA,0
GAGGATTTTTTTTGTGTTTCAGGCGGTTTCGGTTATAGTTT,0
TTGATCAGAATCTAATTTTGAAGCCAAATGGGCTTAAACTA,0
CCAGACTCCACCAGAAGATCATAAAACGTCTGAGATGTAAT,0
TGATCTCCTTATGGATGCACAAACGAGGAGACAAGTTATAT,0
GGAGAACGGTACAATTCTTCAATAAAAGATGAGTCGACAGC,0
ACACACAGAACAATGATGGCAACGAGGCGGCTTAACATTCC,0
ATAAGAAGAATAGGTTTGTGAATAAGAAAAAGATTGTGAAT,0
GTTGTTGATCACAAAAGTAGATTGACAAACATTTCTAGCTA,0
TTCCATGACTTCCTCGGCCAAGGTATCTTCAACTCCGACGG,0
GTTCTGATTGAGACACGTGGAACCGATGTATCGTCGTGGAC,0
ATTTATATTCAAGGCAAACCAATCAATGCACCCCACGAGAA,0
ATATCTTCAGCAGTTGTTCCAATGATTGTGAGCCATCTTGA,0
AGTGCTGTCTGAAAATCTGCAAGCCTACTCAAACCGTATTA,0
GTCAACAATATAGATGTTGTAGAAATTTGCATCCTAATAAA,0
TTTGAACTTTTTGAGTTTTGATCACATAAGAATTTACGATA,0
TGTAACTGATCATGTGATGTATAAATGTTTGATTGTCAAAA,0
CAACAAAAACTAAAGGGTTCACATCATTATGCCTAAATGGA,0
TTTGGTAGGAAAGAAGACGCAGCTGAATCCAAAAGTCAAAT,0
ATAACCACTAGACTAAGATAATAAATTCGTAACAATTAGAA,0
CAATCCATCCGTTGGGTTCGATCAACGTATCAAGATACGTC,0
TTGGTAATTACTAGATTACCACAAACTCCAATTAGCAGCAC,0
AAAGTCAGGCTAATGAAAGAAGAGTGTGAAAAGAAGTTACC,0
GGTGGAAATTACGGTGCTAGAACGGGAGCTTAATGATGTTC,0
TAGTTTCGGTGTTTTTTTCTAGGGTTTTACTCGTATTTTTG,0
ACATGGGCAAACCGGATTTGACCGAAAGCTTGGTTTTTTCA,0
AGAATGATTATGGTCAAATCAATGCGTAGTTGTGTACAATA,0
TAGGAAGTACTATTGATCAAAATACCTTTTGTATTTTTGGG,0
ATTTGTTATTTGATGGTTGCAGCACAAAAGGTGTGGGGAAA,0
GTCTTCAGCAGTCAGTGCGCATCCGTAGGAGAAAAGTGTGA,0
GTTTGCAAATCTTTCCTTTCACATAAAGCCCCGGTTCTAGA,0
TTCGCGCTATCACACTGCTTACCATTCCTTTATTCACACAA,0
GTTAATCTCAACCTCCGTTCAGTTCAGCGTTTTAGCAAGAA,0
CTTTCTCTGCCAGTAAATTCAAGGAATCTCATATTTTTTGT,0
AGTGATTCGAGTATTTATAGAAGGTTGTGGAGGTGTTTGAC,0
TACCATAGAAGATAGAATGTATACAGTCTCAAAATAACAAA,0
GAAGCAATGTCAACTTACCCAAGGACATACGATTTCATCCA,0
TCTCGAGTCCGACATCTTCTAGAAAGTATTTAGGCAAAACC,0
ATTCTGGCTGCAAGTATCCAAATTTTATACCAGTTCTAAAC,0
GTATTTTGATTGAAGAATGCATGTGATATGTCGTCCTTTTG,0
GCTAGAAATAGTCTGAAGATATGTTTTTTTCTTTTTTGCTT,0
ACAAATTTTTAGTCTTGTACATTCCATTTTATCAAAGAATT,0
GCCCACATATAAGGCGGTGGAGCATGACCAGGCGCCAAATT,0
TCATCTCCCTCCTGTTTCTTACTTTTTGATATTGAACTCAT,0
TAGAGCTGACGAAAAATCAGACAAGGTGCCACGTGTACATT,0
CCCGCTCCGATTCTGCGTCCAACGCGCTCGTTGCTTCGTCG,0
TCAACACAAATTTTACATATAATGTTATTAAAAAATCATTT,0
CTATTTATAGTAACTTATTTAATGATTGATCCAAATTAGTT,0
TGCTATCTGGTAAAGATAAGAAAGGAATGATTTTAGTGTTC,0
TCGTTATAACCCGAAAATGCATTCAAATAGCCATCGCCGTA,0
AAAAGGAGATTACTTTTTCTATGTGCTTGACAAAATAAGAA,0
TAGTCTCATGAGCCTTGTGGATTACGCCCGTAGCATGATTA,0
AAGCTTATGCTAAATTAGACACGAATCATAAGAGCAAAACT,0
TTGTGATAATAATACGGTTTAGATGCTTAGAAACTCCACGT,0
TGCCAAACCCATTTTTGCCCATGAATTGTCCATCGTGGGAT,0
AAATAAAATGATGCAATTGCAAGTAGTGAAATAGTTTGGAG,0
GCTCTCTCATTCTTAACAAGAAAAAAAACTGGCATCATCTC,0
CGAACTAACTCATCAAAGACAAGATCATGTTTGGTTTTATC,0
TTAAACAAGTGATCAGATGTATTTGTGGTTATAGTTAATAA,0